song_id,valence_mean,valence_std,arousal_mean,arousal_std,valence,arousal,spec_path,Genre,genre_id
2,3.1,0.94,3.0,0.63,0.34444444444444444,0.3333333333333333,data/deam/DEAM_spectrograms/2.npy,blues,0
3,3.5,1.75,3.3,1.62,0.3888888888888889,0.36666666666666664,data/deam/DEAM_spectrograms/3.npy,blues,0
4,5.7,1.42,5.5,1.63,0.6333333333333333,0.6111111111111112,data/deam/DEAM_spectrograms/4.npy,blues,0
5,4.4,2.01,5.3,1.85,0.48888888888888893,0.5888888888888889,data/deam/DEAM_spectrograms/5.npy,blues,0
7,5.8,1.47,6.4,1.69,0.6444444444444444,0.7111111111111111,data/deam/DEAM_spectrograms/7.npy,blues,0
8,3.2,1.4,4.8,1.54,0.35555555555555557,0.5333333333333333,data/deam/DEAM_spectrograms/8.npy,blues,0
10,4.0,1.67,4.7,1.85,0.4444444444444444,0.5222222222222223,data/deam/DEAM_spectrograms/10.npy,blues,0
12,5.5,1.91,5.8,1.89,0.6111111111111112,0.6444444444444444,data/deam/DEAM_spectrograms/12.npy,blues,0
13,3.2,1.4,4.0,1.67,0.35555555555555557,0.4444444444444444,data/deam/DEAM_spectrograms/13.npy,blues,0
17,4.4,1.8,6.0,2.05,0.48888888888888893,0.6666666666666666,data/deam/DEAM_spectrograms/17.npy,blues,0
18,4.8,1.72,3.9,1.37,0.5333333333333333,0.43333333333333335,data/deam/DEAM_spectrograms/18.npy,blues,0
19,5.9,1.64,4.3,1.9,0.6555555555555556,0.47777777777777775,data/deam/DEAM_spectrograms/19.npy,blues,0
20,5.4,2.5,6.5,2.11,0.6000000000000001,0.7222222222222222,data/deam/DEAM_spectrograms/20.npy,blues,0
21,6.6,0.92,6.3,1.42,0.7333333333333333,0.7,data/deam/DEAM_spectrograms/21.npy,blues,0
22,4.0,1.34,4.8,1.47,0.4444444444444444,0.5333333333333333,data/deam/DEAM_spectrograms/22.npy,blues,0
24,5.3,1.62,3.9,1.76,0.5888888888888889,0.43333333333333335,data/deam/DEAM_spectrograms/24.npy,blues,0
25,7.9,0.7,4.7,2.53,0.8777777777777778,0.5222222222222223,data/deam/DEAM_spectrograms/25.npy,blues,0
31,4.7,1.55,3.8,1.54,0.5222222222222223,0.4222222222222222,data/deam/DEAM_spectrograms/31.npy,blues,0
32,4.2,1.78,3.3,1.49,0.4666666666666667,0.36666666666666664,data/deam/DEAM_spectrograms/32.npy,blues,0
35,4.8,2.14,6.5,2.11,0.5333333333333333,0.7222222222222222,data/deam/DEAM_spectrograms/35.npy,blues,0
37,6.6,2.11,5.3,2.0,0.7333333333333333,0.5888888888888889,data/deam/DEAM_spectrograms/37.npy,blues,0
39,7.3,1.85,5.4,2.37,0.8111111111111111,0.6000000000000001,data/deam/DEAM_spectrograms/39.npy,blues,0
40,4.6,1.28,4.8,1.54,0.5111111111111111,0.5333333333333333,data/deam/DEAM_spectrograms/40.npy,blues,0
41,4.3,1.62,5.1,1.3,0.47777777777777775,0.5666666666666667,data/deam/DEAM_spectrograms/41.npy,blues,0
42,6.1,1.58,5.1,1.92,0.6777777777777777,0.5666666666666667,data/deam/DEAM_spectrograms/42.npy,blues,0
43,6.7,2.33,3.5,1.5,0.7444444444444445,0.3888888888888889,data/deam/DEAM_spectrograms/43.npy,blues,0
44,3.9,1.04,4.9,1.58,0.43333333333333335,0.5444444444444445,data/deam/DEAM_spectrograms/44.npy,blues,0
45,5.1,2.43,2.1,1.37,0.5666666666666667,0.23333333333333334,data/deam/DEAM_spectrograms/45.npy,blues,0
46,5.3,1.95,4.0,1.73,0.5888888888888889,0.4444444444444444,data/deam/DEAM_spectrograms/46.npy,blues,0
47,4.4,1.74,4.4,1.56,0.48888888888888893,0.48888888888888893,data/deam/DEAM_spectrograms/47.npy,blues,0
48,4.5,1.86,4.8,1.78,0.5,0.5333333333333333,data/deam/DEAM_spectrograms/48.npy,blues,0
49,3.9,1.3,5.3,1.19,0.43333333333333335,0.5888888888888889,data/deam/DEAM_spectrograms/49.npy,blues,0
50,3.6,1.02,4.8,1.08,0.4,0.5333333333333333,data/deam/DEAM_spectrograms/50.npy,blues,0
51,3.6,1.11,3.2,0.98,0.4,0.35555555555555557,data/deam/DEAM_spectrograms/51.npy,blues,0
52,4.6,1.11,5.1,1.81,0.5111111111111111,0.5666666666666667,data/deam/DEAM_spectrograms/52.npy,blues,0
53,4.3,2.37,5.1,1.7,0.47777777777777775,0.5666666666666667,data/deam/DEAM_spectrograms/53.npy,blues,0
54,3.1,1.58,3.3,1.62,0.34444444444444444,0.36666666666666664,data/deam/DEAM_spectrograms/54.npy,blues,0
55,5.8,1.33,5.4,1.11,0.6444444444444444,0.6000000000000001,data/deam/DEAM_spectrograms/55.npy,blues,0
56,6.4,1.43,5.8,1.4,0.7111111111111111,0.6444444444444444,data/deam/DEAM_spectrograms/56.npy,blues,0
58,3.3,1.55,3.4,1.56,0.36666666666666664,0.37777777777777777,data/deam/DEAM_spectrograms/58.npy,blues,0
59,5.3,1.73,4.1,1.92,0.5888888888888889,0.4555555555555555,data/deam/DEAM_spectrograms/59.npy,blues,0
60,4.3,1.49,6.4,0.49,0.47777777777777775,0.7111111111111111,data/deam/DEAM_spectrograms/60.npy,blues,0
62,6.2,0.87,3.9,1.22,0.6888888888888889,0.43333333333333335,data/deam/DEAM_spectrograms/62.npy,blues,0
64,3.6,1.28,4.9,1.58,0.4,0.5444444444444445,data/deam/DEAM_spectrograms/64.npy,blues,0
65,6.4,1.43,5.8,1.83,0.7111111111111111,0.6444444444444444,data/deam/DEAM_spectrograms/65.npy,blues,0
67,7.2,0.75,6.8,1.4,0.8,0.7555555555555555,data/deam/DEAM_spectrograms/67.npy,blues,0
68,3.8,1.33,4.9,1.64,0.4222222222222222,0.5444444444444445,data/deam/DEAM_spectrograms/68.npy,blues,0
69,3.2,0.87,3.9,0.83,0.35555555555555557,0.43333333333333335,data/deam/DEAM_spectrograms/69.npy,blues,0
70,4.4,1.69,3.6,1.43,0.48888888888888893,0.4,data/deam/DEAM_spectrograms/70.npy,blues,0
71,5.9,1.51,3.7,0.78,0.6555555555555556,0.41111111111111115,data/deam/DEAM_spectrograms/71.npy,blues,0
72,6.7,1.73,5.6,2.01,0.7444444444444445,0.6222222222222222,data/deam/DEAM_spectrograms/72.npy,blues,0
73,5.8,1.72,5.6,1.74,0.6444444444444444,0.6222222222222222,data/deam/DEAM_spectrograms/73.npy,blues,0
74,3.0,1.67,4.3,1.42,0.3333333333333333,0.47777777777777775,data/deam/DEAM_spectrograms/74.npy,blues,0
76,4.3,1.42,3.2,1.83,0.47777777777777775,0.35555555555555557,data/deam/DEAM_spectrograms/76.npy,blues,0
77,4.2,2.04,2.9,1.14,0.4666666666666667,0.3222222222222222,data/deam/DEAM_spectrograms/77.npy,blues,0
78,3.4,1.56,3.9,1.92,0.37777777777777777,0.43333333333333335,data/deam/DEAM_spectrograms/78.npy,blues,0
79,5.5,2.11,5.5,1.36,0.6111111111111112,0.6111111111111112,data/deam/DEAM_spectrograms/79.npy,blues,0
80,6.0,1.34,5.1,1.37,0.6666666666666666,0.5666666666666667,data/deam/DEAM_spectrograms/80.npy,blues,0
81,6.1,1.92,3.9,1.7,0.6777777777777777,0.43333333333333335,data/deam/DEAM_spectrograms/81.npy,blues,0
82,2.9,1.45,3.5,1.63,0.3222222222222222,0.3888888888888889,data/deam/DEAM_spectrograms/82.npy,blues,0
83,6.1,1.04,5.8,1.72,0.6777777777777777,0.6444444444444444,data/deam/DEAM_spectrograms/83.npy,blues,0
84,5.9,2.02,5.6,1.74,0.6555555555555556,0.6222222222222222,data/deam/DEAM_spectrograms/84.npy,blues,0
85,7.1,1.14,6.2,1.6,0.7888888888888889,0.6888888888888889,data/deam/DEAM_spectrograms/85.npy,blues,0
86,5.4,1.62,5.6,1.2,0.6000000000000001,0.6222222222222222,data/deam/DEAM_spectrograms/86.npy,blues,0
87,5.3,2.45,2.6,0.92,0.5888888888888889,0.2888888888888889,data/deam/DEAM_spectrograms/87.npy,blues,0
88,6.7,1.73,5.5,1.28,0.7444444444444445,0.6111111111111112,data/deam/DEAM_spectrograms/88.npy,blues,0
89,4.5,2.29,4.8,2.04,0.5,0.5333333333333333,data/deam/DEAM_spectrograms/89.npy,blues,0
90,4.3,1.73,4.2,1.72,0.47777777777777775,0.4666666666666667,data/deam/DEAM_spectrograms/90.npy,blues,0
91,4.5,1.43,5.5,1.2,0.5,0.6111111111111112,data/deam/DEAM_spectrograms/91.npy,blues,0
92,5.8,2.18,4.7,1.79,0.6444444444444444,0.5222222222222223,data/deam/DEAM_spectrograms/92.npy,blues,0
93,7.2,0.75,6.0,1.73,0.8,0.6666666666666666,data/deam/DEAM_spectrograms/93.npy,blues,0
95,3.3,1.85,4.6,2.2,0.36666666666666664,0.5111111111111111,data/deam/DEAM_spectrograms/95.npy,blues,0
96,6.8,1.33,6.9,1.3,0.7555555555555555,0.7666666666666667,data/deam/DEAM_spectrograms/96.npy,blues,0
98,4.3,1.73,2.7,1.42,0.47777777777777775,0.30000000000000004,data/deam/DEAM_spectrograms/98.npy,blues,0
99,4.3,1.85,4.1,1.97,0.47777777777777775,0.4555555555555555,data/deam/DEAM_spectrograms/99.npy,blues,0
101,3.4,1.62,2.8,0.87,0.37777777777777777,0.3111111111111111,data/deam/DEAM_spectrograms/101.npy,blues,0
102,6.5,0.92,5.4,1.56,0.7222222222222222,0.6000000000000001,data/deam/DEAM_spectrograms/102.npy,blues,0
103,5.6,1.91,3.3,1.79,0.6222222222222222,0.36666666666666664,data/deam/DEAM_spectrograms/103.npy,blues,0
104,6.1,1.81,3.3,1.79,0.6777777777777777,0.36666666666666664,data/deam/DEAM_spectrograms/104.npy,blues,0
105,6.5,1.43,5.0,1.41,0.7222222222222222,0.5555555555555556,data/deam/DEAM_spectrograms/105.npy,blues,0
106,4.6,1.5,3.3,1.19,0.5111111111111111,0.36666666666666664,data/deam/DEAM_spectrograms/106.npy,blues,0
107,6.0,2.0,4.8,2.14,0.6666666666666666,0.5333333333333333,data/deam/DEAM_spectrograms/107.npy,blues,0
108,4.5,1.63,4.2,1.94,0.5,0.4666666666666667,data/deam/DEAM_spectrograms/108.npy,blues,0
109,4.4,2.24,4.5,1.5,0.48888888888888893,0.5,data/deam/DEAM_spectrograms/109.npy,blues,0
110,4.4,1.8,2.8,0.87,0.48888888888888893,0.3111111111111111,data/deam/DEAM_spectrograms/110.npy,blues,0
111,5.3,1.27,5.3,1.42,0.5888888888888889,0.5888888888888889,data/deam/DEAM_spectrograms/111.npy,blues,0
112,6.8,0.98,6.4,1.56,0.7555555555555555,0.7111111111111111,data/deam/DEAM_spectrograms/112.npy,blues,0
113,5.4,1.28,3.8,0.87,0.6000000000000001,0.4222222222222222,data/deam/DEAM_spectrograms/113.npy,blues,0
114,4.8,0.75,5.7,0.9,0.5333333333333333,0.6333333333333333,data/deam/DEAM_spectrograms/114.npy,blues,0
115,8.4,0.66,7.8,1.17,0.9333333333333333,0.8666666666666667,data/deam/DEAM_spectrograms/115.npy,blues,0
116,4.4,1.56,3.9,1.22,0.48888888888888893,0.43333333333333335,data/deam/DEAM_spectrograms/116.npy,blues,0
117,3.9,1.45,5.0,1.73,0.43333333333333335,0.5555555555555556,data/deam/DEAM_spectrograms/117.npy,blues,0
118,4.9,1.92,4.6,1.85,0.5444444444444445,0.5111111111111111,data/deam/DEAM_spectrograms/118.npy,blues,0
119,4.3,2.28,3.2,1.25,0.47777777777777775,0.35555555555555557,data/deam/DEAM_spectrograms/119.npy,blues,0
120,3.8,1.6,5.0,1.61,0.4222222222222222,0.5555555555555556,data/deam/DEAM_spectrograms/120.npy,blues,0
121,3.1,0.83,3.9,1.51,0.34444444444444444,0.43333333333333335,data/deam/DEAM_spectrograms/121.npy,blues,0
122,5.5,1.91,4.6,1.85,0.6111111111111112,0.5111111111111111,data/deam/DEAM_spectrograms/122.npy,blues,0
123,6.1,1.58,6.2,1.47,0.6777777777777777,0.6888888888888889,data/deam/DEAM_spectrograms/123.npy,blues,0
124,3.7,1.27,2.8,0.75,0.41111111111111115,0.3111111111111111,data/deam/DEAM_spectrograms/124.npy,blues,0
125,4.5,1.86,4.2,1.33,0.5,0.4666666666666667,data/deam/DEAM_spectrograms/125.npy,blues,0
126,5.1,1.64,6.1,1.37,0.5666666666666667,0.6777777777777777,data/deam/DEAM_spectrograms/126.npy,classical,1
127,3.0,1.84,5.3,1.68,0.3333333333333333,0.5888888888888889,data/deam/DEAM_spectrograms/127.npy,classical,1
128,3.6,1.43,4.0,1.55,0.4,0.4444444444444444,data/deam/DEAM_spectrograms/128.npy,classical,1
129,4.2,1.72,6.0,1.67,0.4666666666666667,0.6666666666666666,data/deam/DEAM_spectrograms/129.npy,classical,1
130,3.3,1.42,4.2,1.33,0.36666666666666664,0.4666666666666667,data/deam/DEAM_spectrograms/130.npy,classical,1
131,6.1,1.04,4.9,1.64,0.6777777777777777,0.5444444444444445,data/deam/DEAM_spectrograms/131.npy,classical,1
133,2.8,1.99,2.2,1.17,0.3111111111111111,0.24444444444444446,data/deam/DEAM_spectrograms/133.npy,classical,1
134,5.4,1.74,6.0,1.18,0.6000000000000001,0.6666666666666666,data/deam/DEAM_spectrograms/134.npy,classical,1
135,3.7,2.24,3.5,1.43,0.41111111111111115,0.3888888888888889,data/deam/DEAM_spectrograms/135.npy,classical,1
136,6.8,1.33,6.2,1.08,0.7555555555555555,0.6888888888888889,data/deam/DEAM_spectrograms/136.npy,classical,1
137,4.3,1.68,5.8,1.33,0.47777777777777775,0.6444444444444444,data/deam/DEAM_spectrograms/137.npy,classical,1
138,3.8,2.64,2.4,0.92,0.4222222222222222,0.26666666666666666,data/deam/DEAM_spectrograms/138.npy,classical,1
140,4.2,1.47,4.5,2.01,0.4666666666666667,0.5,data/deam/DEAM_spectrograms/140.npy,classical,1
142,4.6,1.8,4.8,1.72,0.5111111111111111,0.5333333333333333,data/deam/DEAM_spectrograms/142.npy,classical,1
143,4.0,1.73,4.9,1.45,0.4444444444444444,0.5444444444444445,data/deam/DEAM_spectrograms/143.npy,classical,1
144,3.4,1.11,4.7,0.9,0.37777777777777777,0.5222222222222223,data/deam/DEAM_spectrograms/144.npy,classical,1
145,3.1,1.92,5.4,1.91,0.34444444444444444,0.6000000000000001,data/deam/DEAM_spectrograms/145.npy,classical,1
146,2.4,1.8,3.5,1.91,0.26666666666666666,0.3888888888888889,data/deam/DEAM_spectrograms/146.npy,classical,1
148,4.7,1.19,5.0,2.05,0.5222222222222223,0.5555555555555556,data/deam/DEAM_spectrograms/148.npy,classical,1
149,3.4,1.85,3.1,1.92,0.37777777777777777,0.34444444444444444,data/deam/DEAM_spectrograms/149.npy,classical,1
150,5.0,2.45,5.4,2.2,0.5555555555555556,0.6000000000000001,data/deam/DEAM_spectrograms/150.npy,classical,1
151,4.0,1.95,4.5,1.28,0.4444444444444444,0.5,data/deam/DEAM_spectrograms/151.npy,classical,1
152,4.4,1.62,5.6,1.43,0.48888888888888893,0.6222222222222222,data/deam/DEAM_spectrograms/152.npy,classical,1
153,3.9,1.92,4.5,1.69,0.43333333333333335,0.5,data/deam/DEAM_spectrograms/153.npy,classical,1
154,4.2,1.66,4.1,1.87,0.4666666666666667,0.4555555555555555,data/deam/DEAM_spectrograms/154.npy,classical,1
155,3.6,1.96,5.4,0.92,0.4,0.6000000000000001,data/deam/DEAM_spectrograms/155.npy,classical,1
156,6.4,1.2,6.7,0.46,0.7111111111111111,0.7444444444444445,data/deam/DEAM_spectrograms/156.npy,classical,1
157,4.0,1.67,6.2,1.08,0.4444444444444444,0.6888888888888889,data/deam/DEAM_spectrograms/157.npy,classical,1
158,2.1,0.7,3.6,1.43,0.23333333333333334,0.4,data/deam/DEAM_spectrograms/158.npy,classical,1
159,3.8,2.56,3.1,1.81,0.4222222222222222,0.34444444444444444,data/deam/DEAM_spectrograms/159.npy,classical,1
160,3.5,2.11,3.5,1.57,0.3888888888888889,0.3888888888888889,data/deam/DEAM_spectrograms/160.npy,classical,1
161,6.3,1.19,3.5,1.91,0.7,0.3888888888888889,data/deam/DEAM_spectrograms/161.npy,classical,1
162,3.7,1.68,4.6,1.02,0.41111111111111115,0.5111111111111111,data/deam/DEAM_spectrograms/162.npy,classical,1
163,3.6,1.28,4.5,1.36,0.4,0.5,data/deam/DEAM_spectrograms/163.npy,classical,1
164,4.1,1.7,2.9,1.97,0.4555555555555555,0.3222222222222222,data/deam/DEAM_spectrograms/164.npy,classical,1
166,3.1,1.45,4.2,1.08,0.34444444444444444,0.4666666666666667,data/deam/DEAM_spectrograms/166.npy,classical,1
167,2.7,1.35,3.3,1.62,0.30000000000000004,0.36666666666666664,data/deam/DEAM_spectrograms/167.npy,classical,1
168,3.3,1.35,3.4,1.56,0.36666666666666664,0.37777777777777777,data/deam/DEAM_spectrograms/168.npy,classical,1
169,2.4,0.8,2.8,1.08,0.26666666666666666,0.3111111111111111,data/deam/DEAM_spectrograms/169.npy,classical,1
170,3.0,1.55,5.0,1.48,0.3333333333333333,0.5555555555555556,data/deam/DEAM_spectrograms/170.npy,classical,1
171,2.1,0.7,3.6,1.74,0.23333333333333334,0.4,data/deam/DEAM_spectrograms/171.npy,classical,1
172,3.8,2.23,5.0,2.24,0.4222222222222222,0.5555555555555556,data/deam/DEAM_spectrograms/172.npy,classical,1
173,4.6,1.69,2.2,1.17,0.5111111111111111,0.24444444444444446,data/deam/DEAM_spectrograms/173.npy,classical,1
174,4.0,1.61,3.8,1.4,0.4444444444444444,0.4222222222222222,data/deam/DEAM_spectrograms/174.npy,classical,1
175,3.7,1.35,4.3,1.55,0.41111111111111115,0.47777777777777775,data/deam/DEAM_spectrograms/175.npy,classical,1
176,2.4,1.62,3.9,1.58,0.26666666666666666,0.43333333333333335,data/deam/DEAM_spectrograms/176.npy,classical,1
177,4.8,1.4,5.6,1.74,0.5333333333333333,0.6222222222222222,data/deam/DEAM_spectrograms/177.npy,classical,1
178,2.8,2.09,3.7,2.1,0.3111111111111111,0.41111111111111115,data/deam/DEAM_spectrograms/178.npy,classical,1
179,5.2,2.04,6.0,1.95,0.5777777777777778,0.6666666666666666,data/deam/DEAM_spectrograms/179.npy,classical,1
180,4.8,1.89,5.9,1.37,0.5333333333333333,0.6555555555555556,data/deam/DEAM_spectrograms/180.npy,classical,1
181,3.7,2.1,2.5,0.92,0.41111111111111115,0.2777777777777778,data/deam/DEAM_spectrograms/181.npy,classical,1
182,2.2,0.87,3.7,2.05,0.24444444444444446,0.41111111111111115,data/deam/DEAM_spectrograms/182.npy,classical,1
184,3.6,1.85,3.4,1.11,0.4,0.37777777777777777,data/deam/DEAM_spectrograms/184.npy,classical,1
185,4.9,1.92,4.6,1.36,0.5444444444444445,0.5111111111111111,data/deam/DEAM_spectrograms/185.npy,classical,1
186,3.7,1.68,4.0,1.61,0.41111111111111115,0.4444444444444444,data/deam/DEAM_spectrograms/186.npy,classical,1
187,2.5,1.86,3.7,1.95,0.2777777777777778,0.41111111111111115,data/deam/DEAM_spectrograms/187.npy,classical,1
188,4.0,1.55,3.3,1.55,0.4444444444444444,0.36666666666666664,data/deam/DEAM_spectrograms/188.npy,classical,1
189,6.5,1.63,7.1,1.58,0.7222222222222222,0.7888888888888889,data/deam/DEAM_spectrograms/189.npy,classical,1
190,2.8,1.83,3.1,1.3,0.3111111111111111,0.34444444444444444,data/deam/DEAM_spectrograms/190.npy,classical,1
191,5.1,2.02,6.3,1.9,0.5666666666666667,0.7,data/deam/DEAM_spectrograms/191.npy,classical,1
192,5.8,0.6,6.1,0.54,0.6444444444444444,0.6777777777777777,data/deam/DEAM_spectrograms/192.npy,classical,1
193,4.1,1.81,3.0,1.34,0.4555555555555555,0.3333333333333333,data/deam/DEAM_spectrograms/193.npy,classical,1
194,2.7,1.79,4.7,1.27,0.30000000000000004,0.5222222222222223,data/deam/DEAM_spectrograms/194.npy,classical,1
195,4.2,1.94,2.7,0.78,0.4666666666666667,0.30000000000000004,data/deam/DEAM_spectrograms/195.npy,classical,1
196,4.3,1.68,4.5,1.63,0.47777777777777775,0.5,data/deam/DEAM_spectrograms/196.npy,classical,1
197,2.2,1.4,2.8,1.33,0.24444444444444446,0.3111111111111111,data/deam/DEAM_spectrograms/197.npy,classical,1
198,1.9,0.7,3.3,1.79,0.2111111111111111,0.36666666666666664,data/deam/DEAM_spectrograms/198.npy,classical,1
199,5.3,1.49,5.7,1.27,0.5888888888888889,0.6333333333333333,data/deam/DEAM_spectrograms/199.npy,classical,1
201,3.7,1.49,4.8,1.54,0.41111111111111115,0.5333333333333333,data/deam/DEAM_spectrograms/201.npy,classical,1
202,4.6,1.36,5.2,1.4,0.5111111111111111,0.5777777777777778,data/deam/DEAM_spectrograms/202.npy,classical,1
203,3.5,1.96,4.8,1.66,0.3888888888888889,0.5333333333333333,data/deam/DEAM_spectrograms/203.npy,classical,1
204,3.6,2.01,2.2,0.98,0.4,0.24444444444444446,data/deam/DEAM_spectrograms/204.npy,classical,1
205,3.0,1.41,4.5,2.01,0.3333333333333333,0.5,data/deam/DEAM_spectrograms/205.npy,classical,1
206,2.3,0.78,2.6,1.02,0.25555555555555554,0.2888888888888889,data/deam/DEAM_spectrograms/206.npy,classical,1
207,4.8,2.09,4.8,2.44,0.5333333333333333,0.5333333333333333,data/deam/DEAM_spectrograms/207.npy,classical,1
208,4.8,2.04,6.5,1.02,0.5333333333333333,0.7222222222222222,data/deam/DEAM_spectrograms/208.npy,classical,1
209,3.1,0.94,4.6,1.85,0.34444444444444444,0.5111111111111111,data/deam/DEAM_spectrograms/209.npy,classical,1
210,4.2,2.14,5.5,2.16,0.4666666666666667,0.6111111111111112,data/deam/DEAM_spectrograms/210.npy,classical,1
211,3.1,1.22,4.9,0.83,0.34444444444444444,0.5444444444444445,data/deam/DEAM_spectrograms/211.npy,classical,1
212,4.6,1.56,5.4,1.8,0.5111111111111111,0.6000000000000001,data/deam/DEAM_spectrograms/212.npy,classical,1
213,2.6,1.5,2.5,1.63,0.2888888888888889,0.2777777777777778,data/deam/DEAM_spectrograms/213.npy,classical,1
214,3.6,1.96,4.1,1.58,0.4,0.4555555555555555,data/deam/DEAM_spectrograms/214.npy,classical,1
215,3.2,2.09,2.6,1.2,0.35555555555555557,0.2888888888888889,data/deam/DEAM_spectrograms/215.npy,classical,1
216,4.5,1.57,5.3,1.1,0.5,0.5888888888888889,data/deam/DEAM_spectrograms/216.npy,classical,1
217,3.5,1.57,4.8,1.6,0.3888888888888889,0.5333333333333333,data/deam/DEAM_spectrograms/217.npy,classical,1
218,2.9,1.37,4.0,1.48,0.3222222222222222,0.4444444444444444,data/deam/DEAM_spectrograms/218.npy,classical,1
219,2.4,0.8,3.8,1.47,0.26666666666666666,0.4222222222222222,data/deam/DEAM_spectrograms/219.npy,classical,1
220,4.1,1.51,3.4,1.02,0.4555555555555555,0.37777777777777777,data/deam/DEAM_spectrograms/220.npy,classical,1
221,4.3,1.55,3.4,1.8,0.47777777777777775,0.37777777777777777,data/deam/DEAM_spectrograms/221.npy,classical,1
222,3.8,1.33,4.3,2.37,0.4222222222222222,0.47777777777777775,data/deam/DEAM_spectrograms/222.npy,classical,1
223,2.2,1.08,3.5,2.16,0.24444444444444446,0.3888888888888889,data/deam/DEAM_spectrograms/223.npy,classical,1
224,5.5,1.5,5.7,1.79,0.6111111111111112,0.6333333333333333,data/deam/DEAM_spectrograms/224.npy,classical,1
225,3.7,1.85,4.2,1.6,0.41111111111111115,0.4666666666666667,data/deam/DEAM_spectrograms/225.npy,classical,1
226,4.9,1.7,5.0,1.55,0.5444444444444445,0.5555555555555556,data/deam/DEAM_spectrograms/226.npy,classical,1
227,3.1,1.14,3.5,1.5,0.34444444444444444,0.3888888888888889,data/deam/DEAM_spectrograms/227.npy,classical,1
228,3.5,1.63,4.0,1.26,0.3888888888888889,0.4444444444444444,data/deam/DEAM_spectrograms/228.npy,classical,1
229,4.8,1.6,4.8,1.47,0.5333333333333333,0.5333333333333333,data/deam/DEAM_spectrograms/229.npy,classical,1
231,4.1,1.45,5.6,1.69,0.4555555555555555,0.6222222222222222,data/deam/DEAM_spectrograms/231.npy,classical,1
232,2.5,1.75,2.7,1.0,0.2777777777777778,0.30000000000000004,data/deam/DEAM_spectrograms/232.npy,classical,1
233,4.7,1.49,4.5,1.8,0.5222222222222223,0.5,data/deam/DEAM_spectrograms/233.npy,classical,1
234,3.5,2.38,3.9,1.45,0.3888888888888889,0.43333333333333335,data/deam/DEAM_spectrograms/234.npy,classical,1
235,3.0,1.1,3.7,1.35,0.3333333333333333,0.41111111111111115,data/deam/DEAM_spectrograms/235.npy,classical,1
236,2.5,1.5,2.4,1.2,0.2777777777777778,0.26666666666666666,data/deam/DEAM_spectrograms/236.npy,classical,1
237,4.2,2.09,3.9,1.3,0.4666666666666667,0.43333333333333335,data/deam/DEAM_spectrograms/237.npy,classical,1
238,3.0,1.95,4.6,1.8,0.3333333333333333,0.5111111111111111,data/deam/DEAM_spectrograms/238.npy,classical,1
239,2.3,1.9,3.3,1.55,0.25555555555555554,0.36666666666666664,data/deam/DEAM_spectrograms/239.npy,classical,1
240,6.4,1.36,6.6,1.02,0.7111111111111111,0.7333333333333333,data/deam/DEAM_spectrograms/240.npy,classical,1
241,4.1,2.12,4.6,1.36,0.4555555555555555,0.5111111111111111,data/deam/DEAM_spectrograms/241.npy,classical,1
242,3.5,1.75,4.7,1.55,0.3888888888888889,0.5222222222222223,data/deam/DEAM_spectrograms/242.npy,classical,1
243,7.2,1.4,4.1,2.17,0.8,0.4555555555555555,data/deam/DEAM_spectrograms/243.npy,classical,1
244,4.3,1.35,4.2,1.66,0.47777777777777775,0.4666666666666667,data/deam/DEAM_spectrograms/244.npy,classical,1
245,4.2,1.99,6.1,1.58,0.4666666666666667,0.6777777777777777,data/deam/DEAM_spectrograms/245.npy,classical,1
246,4.9,2.66,3.2,2.04,0.5444444444444445,0.35555555555555557,data/deam/DEAM_spectrograms/246.npy,classical,1
247,3.9,1.22,4.5,1.28,0.43333333333333335,0.5,data/deam/DEAM_spectrograms/247.npy,classical,1
248,3.4,1.56,3.7,1.0,0.37777777777777777,0.41111111111111115,data/deam/DEAM_spectrograms/248.npy,classical,1
250,3.4,2.06,3.6,1.36,0.37777777777777777,0.4,data/deam/DEAM_spectrograms/250.npy,classical,1
253,6.6,1.56,2.5,0.81,0.7333333333333333,0.2777777777777778,data/deam/DEAM_spectrograms/253.npy,country,2
254,5.3,2.28,7.4,1.11,0.5888888888888889,0.8222222222222223,data/deam/DEAM_spectrograms/254.npy,country,2
257,7.6,1.5,6.9,1.7,0.8444444444444444,0.7666666666666667,data/deam/DEAM_spectrograms/257.npy,country,2
258,4.3,1.35,4.3,1.35,0.47777777777777775,0.47777777777777775,data/deam/DEAM_spectrograms/258.npy,country,2
260,5.3,1.42,3.6,1.62,0.5888888888888889,0.4,data/deam/DEAM_spectrograms/260.npy,country,2
262,5.6,1.5,6.9,0.94,0.6222222222222222,0.7666666666666667,data/deam/DEAM_spectrograms/262.npy,country,2
264,5.3,1.27,5.5,1.5,0.5888888888888889,0.6111111111111112,data/deam/DEAM_spectrograms/264.npy,country,2
265,4.5,1.69,6.4,0.66,0.5,0.7111111111111111,data/deam/DEAM_spectrograms/265.npy,country,2
266,3.6,1.5,4.8,1.94,0.4,0.5333333333333333,data/deam/DEAM_spectrograms/266.npy,country,2
269,4.3,1.73,4.8,1.94,0.47777777777777775,0.5333333333333333,data/deam/DEAM_spectrograms/269.npy,country,2
270,6.1,1.64,7.1,1.64,0.6777777777777777,0.7888888888888889,data/deam/DEAM_spectrograms/270.npy,country,2
272,5.9,1.81,6.4,1.85,0.6555555555555556,0.7111111111111111,data/deam/DEAM_spectrograms/272.npy,country,2
273,5.4,1.74,7.2,0.87,0.6000000000000001,0.8,data/deam/DEAM_spectrograms/273.npy,country,2
274,7.7,0.9,6.0,2.0,0.8555555555555556,0.6666666666666666,data/deam/DEAM_spectrograms/274.npy,country,2
275,5.3,1.42,5.5,1.02,0.5888888888888889,0.6111111111111112,data/deam/DEAM_spectrograms/275.npy,country,2
276,6.1,1.51,5.3,1.68,0.6777777777777777,0.5888888888888889,data/deam/DEAM_spectrograms/276.npy,country,2
278,5.5,2.06,5.1,1.64,0.6111111111111112,0.5666666666666667,data/deam/DEAM_spectrograms/278.npy,country,2
279,3.6,1.2,4.7,1.42,0.4,0.5222222222222223,data/deam/DEAM_spectrograms/279.npy,country,2
280,4.2,1.66,3.3,1.1,0.4666666666666667,0.36666666666666664,data/deam/DEAM_spectrograms/280.npy,country,2
281,5.4,2.29,7.0,1.18,0.6000000000000001,0.7777777777777778,data/deam/DEAM_spectrograms/281.npy,country,2
282,3.2,1.66,4.2,0.75,0.35555555555555557,0.4666666666666667,data/deam/DEAM_spectrograms/282.npy,country,2
284,4.4,1.5,5.2,1.17,0.48888888888888893,0.5777777777777778,data/deam/DEAM_spectrograms/284.npy,country,2
285,3.5,1.02,5.1,1.37,0.3888888888888889,0.5666666666666667,data/deam/DEAM_spectrograms/285.npy,country,2
286,5.7,1.95,6.9,1.87,0.6333333333333333,0.7666666666666667,data/deam/DEAM_spectrograms/286.npy,country,2
288,3.5,1.86,5.2,1.78,0.3888888888888889,0.5777777777777778,data/deam/DEAM_spectrograms/288.npy,country,2
289,5.7,1.9,6.7,1.0,0.6333333333333333,0.7444444444444445,data/deam/DEAM_spectrograms/289.npy,country,2
290,2.1,0.83,3.9,1.58,0.23333333333333334,0.43333333333333335,data/deam/DEAM_spectrograms/290.npy,country,2
292,7.3,1.0,7.4,0.92,0.8111111111111111,0.8222222222222223,data/deam/DEAM_spectrograms/292.npy,country,2
293,6.3,1.62,4.2,1.94,0.7,0.4666666666666667,data/deam/DEAM_spectrograms/293.npy,country,2
294,5.5,2.11,6.5,1.91,0.6111111111111112,0.7222222222222222,data/deam/DEAM_spectrograms/294.npy,country,2
296,5.9,0.94,5.7,1.27,0.6555555555555556,0.6333333333333333,data/deam/DEAM_spectrograms/296.npy,country,2
297,3.1,1.3,3.6,1.36,0.34444444444444444,0.4,data/deam/DEAM_spectrograms/297.npy,country,2
298,4.0,1.73,5.4,1.69,0.4444444444444444,0.6000000000000001,data/deam/DEAM_spectrograms/298.npy,country,2
299,2.8,1.89,4.3,1.27,0.3111111111111111,0.47777777777777775,data/deam/DEAM_spectrograms/299.npy,country,2
300,6.8,1.08,4.5,1.86,0.7555555555555555,0.5,data/deam/DEAM_spectrograms/300.npy,country,2
301,3.2,1.47,3.7,1.73,0.35555555555555557,0.41111111111111115,data/deam/DEAM_spectrograms/301.npy,country,2
302,6.6,2.2,7.0,1.48,0.7333333333333333,0.7777777777777778,data/deam/DEAM_spectrograms/302.npy,country,2
303,7.0,1.1,6.4,1.74,0.7777777777777778,0.7111111111111111,data/deam/DEAM_spectrograms/303.npy,country,2
304,3.8,1.78,4.6,1.69,0.4222222222222222,0.5111111111111111,data/deam/DEAM_spectrograms/304.npy,country,2
305,6.4,1.11,6.8,0.98,0.7111111111111111,0.7555555555555555,data/deam/DEAM_spectrograms/305.npy,country,2
306,5.7,2.19,6.7,1.73,0.6333333333333333,0.7444444444444445,data/deam/DEAM_spectrograms/306.npy,country,2
307,6.1,1.04,6.8,1.4,0.6777777777777777,0.7555555555555555,data/deam/DEAM_spectrograms/307.npy,country,2
308,4.3,1.68,6.6,0.92,0.47777777777777775,0.7333333333333333,data/deam/DEAM_spectrograms/308.npy,country,2
309,5.3,1.68,5.8,1.78,0.5888888888888889,0.6444444444444444,data/deam/DEAM_spectrograms/309.npy,country,2
310,2.1,0.83,2.7,1.0,0.23333333333333334,0.30000000000000004,data/deam/DEAM_spectrograms/310.npy,country,2
311,5.8,1.6,6.9,0.94,0.6444444444444444,0.7666666666666667,data/deam/DEAM_spectrograms/311.npy,country,2
312,4.6,1.28,5.8,1.6,0.5111111111111111,0.6444444444444444,data/deam/DEAM_spectrograms/312.npy,country,2
313,3.6,1.36,5.3,1.27,0.4,0.5888888888888889,data/deam/DEAM_spectrograms/313.npy,country,2
314,5.8,1.17,5.9,1.22,0.6444444444444444,0.6555555555555556,data/deam/DEAM_spectrograms/314.npy,country,2
315,6.4,1.43,7.5,0.81,0.7111111111111111,0.8333333333333334,data/deam/DEAM_spectrograms/315.npy,country,2
316,2.8,1.33,3.5,1.96,0.3111111111111111,0.3888888888888889,data/deam/DEAM_spectrograms/316.npy,country,2
317,6.1,1.7,4.3,1.35,0.6777777777777777,0.47777777777777775,data/deam/DEAM_spectrograms/317.npy,country,2
318,5.9,1.7,5.9,1.45,0.6555555555555556,0.6555555555555556,data/deam/DEAM_spectrograms/318.npy,country,2
319,4.5,1.96,6.6,0.8,0.5,0.7333333333333333,data/deam/DEAM_spectrograms/319.npy,country,2
320,7.4,1.28,6.6,1.43,0.8222222222222223,0.7333333333333333,data/deam/DEAM_spectrograms/320.npy,country,2
321,7.3,0.78,6.0,1.73,0.8111111111111111,0.6666666666666666,data/deam/DEAM_spectrograms/321.npy,country,2
322,6.1,1.22,7.6,1.02,0.6777777777777777,0.8444444444444444,data/deam/DEAM_spectrograms/322.npy,country,2
323,4.82,1.4,5.73,1.48,0.5355555555555556,0.6366666666666667,data/deam/DEAM_spectrograms/323.npy,country,2
324,3.3,1.68,4.7,1.42,0.36666666666666664,0.5222222222222223,data/deam/DEAM_spectrograms/324.npy,country,2
325,5.5,1.75,5.4,2.06,0.6111111111111112,0.6000000000000001,data/deam/DEAM_spectrograms/325.npy,country,2
326,5.4,1.56,7.2,1.25,0.6000000000000001,0.8,data/deam/DEAM_spectrograms/326.npy,country,2
327,6.0,1.34,7.1,1.3,0.6666666666666666,0.7888888888888889,data/deam/DEAM_spectrograms/327.npy,country,2
328,5.2,1.6,4.2,2.09,0.5777777777777778,0.4666666666666667,data/deam/DEAM_spectrograms/328.npy,country,2
329,3.3,2.28,4.2,2.23,0.36666666666666664,0.4666666666666667,data/deam/DEAM_spectrograms/329.npy,country,2
330,5.9,2.3,3.1,1.87,0.6555555555555556,0.34444444444444444,data/deam/DEAM_spectrograms/330.npy,country,2
332,5.5,1.12,6.9,0.83,0.6111111111111112,0.7666666666666667,data/deam/DEAM_spectrograms/332.npy,country,2
333,6.7,1.55,6.1,1.7,0.7444444444444445,0.6777777777777777,data/deam/DEAM_spectrograms/333.npy,country,2
334,5.9,1.64,5.9,1.92,0.6555555555555556,0.6555555555555556,data/deam/DEAM_spectrograms/334.npy,country,2
335,6.8,1.47,6.8,1.33,0.7555555555555555,0.7555555555555555,data/deam/DEAM_spectrograms/335.npy,country,2
336,6.1,1.51,6.6,1.5,0.6777777777777777,0.7333333333333333,data/deam/DEAM_spectrograms/336.npy,country,2
338,3.0,0.77,3.8,1.47,0.3333333333333333,0.4222222222222222,data/deam/DEAM_spectrograms/338.npy,country,2
339,5.9,1.58,6.9,1.14,0.6555555555555556,0.7666666666666667,data/deam/DEAM_spectrograms/339.npy,country,2
340,3.8,2.36,4.6,1.91,0.4222222222222222,0.5111111111111111,data/deam/DEAM_spectrograms/340.npy,country,2
341,3.8,1.78,4.4,1.69,0.4222222222222222,0.48888888888888893,data/deam/DEAM_spectrograms/341.npy,country,2
342,4.0,2.05,5.1,2.12,0.4444444444444444,0.5666666666666667,data/deam/DEAM_spectrograms/342.npy,country,2
343,7.0,1.73,8.1,0.83,0.7777777777777778,0.8999999999999999,data/deam/DEAM_spectrograms/343.npy,country,2
344,4.6,1.74,5.2,1.6,0.5111111111111111,0.5777777777777778,data/deam/DEAM_spectrograms/344.npy,country,2
345,7.2,1.54,6.5,1.86,0.8,0.7222222222222222,data/deam/DEAM_spectrograms/345.npy,country,2
346,6.7,1.0,7.3,1.55,0.7444444444444445,0.8111111111111111,data/deam/DEAM_spectrograms/346.npy,country,2
347,3.82,0.94,5.82,0.94,0.4244444444444444,0.6466666666666667,data/deam/DEAM_spectrograms/347.npy,country,2
348,5.0,1.55,5.7,1.73,0.5555555555555556,0.6333333333333333,data/deam/DEAM_spectrograms/348.npy,country,2
349,4.6,1.69,5.8,1.89,0.5111111111111111,0.6444444444444444,data/deam/DEAM_spectrograms/349.npy,country,2
350,6.0,1.9,6.5,1.8,0.6666666666666666,0.7222222222222222,data/deam/DEAM_spectrograms/350.npy,country,2
352,5.5,1.36,4.5,1.43,0.6111111111111112,0.5,data/deam/DEAM_spectrograms/352.npy,country,2
353,4.0,1.95,4.8,2.04,0.4444444444444444,0.5333333333333333,data/deam/DEAM_spectrograms/353.npy,country,2
354,7.1,0.94,6.4,1.28,0.7888888888888889,0.7111111111111111,data/deam/DEAM_spectrograms/354.npy,country,2
355,5.1,1.81,6.5,1.2,0.5666666666666667,0.7222222222222222,data/deam/DEAM_spectrograms/355.npy,country,2
356,4.6,1.85,5.6,1.36,0.5111111111111111,0.6222222222222222,data/deam/DEAM_spectrograms/356.npy,country,2
357,4.8,1.4,6.5,1.2,0.5333333333333333,0.7222222222222222,data/deam/DEAM_spectrograms/357.npy,country,2
358,5.6,1.43,4.2,1.6,0.6222222222222222,0.4666666666666667,data/deam/DEAM_spectrograms/358.npy,country,2
359,2.5,1.12,3.7,1.62,0.2777777777777778,0.41111111111111115,data/deam/DEAM_spectrograms/359.npy,country,2
360,2.5,1.36,5.5,1.57,0.2777777777777778,0.6111111111111112,data/deam/DEAM_spectrograms/360.npy,country,2
361,2.55,1.3,3.36,1.61,0.2833333333333333,0.3733333333333333,data/deam/DEAM_spectrograms/361.npy,country,2
362,4.0,1.67,5.9,0.83,0.4444444444444444,0.6555555555555556,data/deam/DEAM_spectrograms/362.npy,country,2
364,5.5,1.43,6.5,1.12,0.6111111111111112,0.7222222222222222,data/deam/DEAM_spectrograms/364.npy,country,2
365,6.0,1.55,7.1,0.83,0.6666666666666666,0.7888888888888889,data/deam/DEAM_spectrograms/365.npy,country,2
366,6.9,0.94,6.1,1.3,0.7666666666666667,0.6777777777777777,data/deam/DEAM_spectrograms/366.npy,country,2
367,3.1,1.58,2.7,0.64,0.34444444444444444,0.30000000000000004,data/deam/DEAM_spectrograms/367.npy,country,2
368,4.8,1.83,6.1,1.58,0.5333333333333333,0.6777777777777777,data/deam/DEAM_spectrograms/368.npy,country,2
369,2.9,0.7,3.4,0.8,0.3222222222222222,0.37777777777777777,data/deam/DEAM_spectrograms/369.npy,country,2
370,3.8,1.89,3.4,1.8,0.4222222222222222,0.37777777777777777,data/deam/DEAM_spectrograms/370.npy,country,2
371,5.2,1.6,6.6,1.02,0.5777777777777778,0.7333333333333333,data/deam/DEAM_spectrograms/371.npy,country,2
372,3.6,1.2,4.8,1.72,0.4,0.5333333333333333,data/deam/DEAM_spectrograms/372.npy,country,2
374,7.0,1.0,4.9,1.14,0.7777777777777778,0.5444444444444445,data/deam/DEAM_spectrograms/374.npy,country,2
375,1.9,0.7,2.8,1.66,0.2111111111111111,0.3111111111111111,data/deam/DEAM_spectrograms/375.npy,country,2
376,5.0,1.48,5.9,1.14,0.5555555555555556,0.6555555555555556,data/deam/DEAM_spectrograms/376.npy,electronic,3
378,5.5,1.8,5.9,1.64,0.6111111111111112,0.6555555555555556,data/deam/DEAM_spectrograms/378.npy,electronic,3
379,1.9,0.94,2.9,1.14,0.2111111111111111,0.3222222222222222,data/deam/DEAM_spectrograms/379.npy,electronic,3
380,5.6,1.28,4.8,2.04,0.6222222222222222,0.5333333333333333,data/deam/DEAM_spectrograms/380.npy,electronic,3
381,6.0,1.67,6.7,1.1,0.6666666666666666,0.7444444444444445,data/deam/DEAM_spectrograms/381.npy,electronic,3
383,4.2,2.09,3.6,1.56,0.4666666666666667,0.4,data/deam/DEAM_spectrograms/383.npy,electronic,3
384,3.6,1.36,4.1,1.58,0.4,0.4555555555555555,data/deam/DEAM_spectrograms/384.npy,electronic,3
386,5.0,1.1,5.5,1.75,0.5555555555555556,0.6111111111111112,data/deam/DEAM_spectrograms/386.npy,electronic,3
387,6.2,2.27,6.2,2.52,0.6888888888888889,0.6888888888888889,data/deam/DEAM_spectrograms/387.npy,electronic,3
390,5.7,1.0,6.2,0.6,0.6333333333333333,0.6888888888888889,data/deam/DEAM_spectrograms/390.npy,electronic,3
391,5.5,1.57,6.1,0.94,0.6111111111111112,0.6777777777777777,data/deam/DEAM_spectrograms/391.npy,electronic,3
392,3.4,1.69,4.8,1.47,0.37777777777777777,0.5333333333333333,data/deam/DEAM_spectrograms/392.npy,electronic,3
393,6.0,0.77,6.4,0.66,0.6666666666666666,0.7111111111111111,data/deam/DEAM_spectrograms/393.npy,electronic,3
395,6.7,1.27,6.2,1.4,0.7444444444444445,0.6888888888888889,data/deam/DEAM_spectrograms/395.npy,electronic,3
397,7.0,1.26,7.0,1.34,0.7777777777777778,0.7777777777777778,data/deam/DEAM_spectrograms/397.npy,electronic,3
399,6.7,0.9,7.0,1.0,0.7444444444444445,0.7777777777777778,data/deam/DEAM_spectrograms/399.npy,electronic,3
400,5.1,1.7,5.6,1.11,0.5666666666666667,0.6222222222222222,data/deam/DEAM_spectrograms/400.npy,electronic,3
401,5.5,1.43,6.4,1.2,0.6111111111111112,0.7111111111111111,data/deam/DEAM_spectrograms/401.npy,electronic,3
402,7.1,1.04,7.1,0.94,0.7888888888888889,0.7888888888888889,data/deam/DEAM_spectrograms/402.npy,electronic,3
403,5.1,1.64,5.2,1.66,0.5666666666666667,0.5777777777777778,data/deam/DEAM_spectrograms/403.npy,electronic,3
404,6.9,1.37,6.8,1.33,0.7666666666666667,0.7555555555555555,data/deam/DEAM_spectrograms/404.npy,electronic,3
405,6.1,1.92,7.4,0.92,0.6777777777777777,0.8222222222222223,data/deam/DEAM_spectrograms/405.npy,electronic,3
406,5.3,2.1,4.3,2.19,0.5888888888888889,0.47777777777777775,data/deam/DEAM_spectrograms/406.npy,electronic,3
407,4.3,1.68,4.5,1.63,0.47777777777777775,0.5,data/deam/DEAM_spectrograms/407.npy,electronic,3
408,6.6,2.37,6.1,2.02,0.7333333333333333,0.6777777777777777,data/deam/DEAM_spectrograms/408.npy,electronic,3
410,3.8,1.99,5.1,1.7,0.4222222222222222,0.5666666666666667,data/deam/DEAM_spectrograms/410.npy,electronic,3
415,6.0,1.1,5.2,1.83,0.6666666666666666,0.5777777777777778,data/deam/DEAM_spectrograms/415.npy,electronic,3
416,5.5,1.75,5.2,1.6,0.6111111111111112,0.5777777777777778,data/deam/DEAM_spectrograms/416.npy,electronic,3
419,3.3,2.0,4.0,1.41,0.36666666666666664,0.4444444444444444,data/deam/DEAM_spectrograms/419.npy,electronic,3
420,4.5,1.28,5.4,1.28,0.5,0.6000000000000001,data/deam/DEAM_spectrograms/420.npy,electronic,3
422,2.8,1.72,3.7,2.45,0.3111111111111111,0.41111111111111115,data/deam/DEAM_spectrograms/422.npy,electronic,3
423,5.2,2.48,4.5,2.29,0.5777777777777778,0.5,data/deam/DEAM_spectrograms/423.npy,electronic,3
425,7.1,0.7,6.8,0.87,0.7888888888888889,0.7555555555555555,data/deam/DEAM_spectrograms/425.npy,electronic,3
426,5.3,1.68,5.3,1.42,0.5888888888888889,0.5888888888888889,data/deam/DEAM_spectrograms/426.npy,electronic,3
427,5.2,1.47,5.8,0.75,0.5777777777777778,0.6444444444444444,data/deam/DEAM_spectrograms/427.npy,electronic,3
428,6.6,1.02,6.6,0.92,0.7333333333333333,0.7333333333333333,data/deam/DEAM_spectrograms/428.npy,electronic,3
429,3.3,1.1,4.3,1.9,0.36666666666666664,0.47777777777777775,data/deam/DEAM_spectrograms/429.npy,electronic,3
430,4.0,2.24,2.9,1.04,0.4444444444444444,0.3222222222222222,data/deam/DEAM_spectrograms/430.npy,electronic,3
431,6.1,1.76,5.5,1.91,0.6777777777777777,0.6111111111111112,data/deam/DEAM_spectrograms/431.npy,electronic,3
432,5.3,2.0,5.3,1.68,0.5888888888888889,0.5888888888888889,data/deam/DEAM_spectrograms/432.npy,electronic,3
435,4.5,1.75,5.9,1.51,0.5,0.6555555555555556,data/deam/DEAM_spectrograms/435.npy,electronic,3
436,4.3,2.0,5.2,1.83,0.47777777777777775,0.5777777777777778,data/deam/DEAM_spectrograms/436.npy,electronic,3
437,5.2,1.83,4.3,2.1,0.5777777777777778,0.47777777777777775,data/deam/DEAM_spectrograms/437.npy,electronic,3
440,5.3,2.15,6.3,1.73,0.5888888888888889,0.7,data/deam/DEAM_spectrograms/440.npy,electronic,3
441,4.6,1.69,5.1,1.51,0.5111111111111111,0.5666666666666667,data/deam/DEAM_spectrograms/441.npy,electronic,3
442,4.1,1.87,4.5,1.57,0.4555555555555555,0.5,data/deam/DEAM_spectrograms/442.npy,electronic,3
444,2.3,1.1,2.5,1.2,0.25555555555555554,0.2777777777777778,data/deam/DEAM_spectrograms/444.npy,electronic,3
445,2.4,1.02,4.6,1.62,0.26666666666666666,0.5111111111111111,data/deam/DEAM_spectrograms/445.npy,electronic,3
448,6.7,1.95,6.5,1.96,0.7444444444444445,0.7222222222222222,data/deam/DEAM_spectrograms/448.npy,electronic,3
449,3.6,2.06,3.8,1.83,0.4,0.4222222222222222,data/deam/DEAM_spectrograms/449.npy,electronic,3
450,4.1,2.02,5.0,1.73,0.4555555555555555,0.5555555555555556,data/deam/DEAM_spectrograms/450.npy,electronic,3
451,4.9,1.3,4.4,1.8,0.5444444444444445,0.48888888888888893,data/deam/DEAM_spectrograms/451.npy,electronic,3
452,5.45,1.53,6.75,1.44,0.6055555555555556,0.75,data/deam/DEAM_spectrograms/452.npy,electronic,3
453,4.6,1.8,5.6,1.2,0.5111111111111111,0.6222222222222222,data/deam/DEAM_spectrograms/453.npy,electronic,3
454,5.0,2.45,4.8,1.47,0.5555555555555556,0.5333333333333333,data/deam/DEAM_spectrograms/454.npy,electronic,3
455,5.4,1.74,5.7,1.19,0.6000000000000001,0.6333333333333333,data/deam/DEAM_spectrograms/455.npy,electronic,3
456,6.1,2.7,2.3,1.27,0.6777777777777777,0.25555555555555554,data/deam/DEAM_spectrograms/456.npy,electronic,3
458,3.4,1.69,5.0,1.79,0.37777777777777777,0.5555555555555556,data/deam/DEAM_spectrograms/458.npy,electronic,3
459,6.3,0.78,6.1,1.22,0.7,0.6777777777777777,data/deam/DEAM_spectrograms/459.npy,electronic,3
460,3.8,2.09,3.8,1.72,0.4222222222222222,0.4222222222222222,data/deam/DEAM_spectrograms/460.npy,electronic,3
461,4.8,1.4,4.4,1.56,0.5333333333333333,0.48888888888888893,data/deam/DEAM_spectrograms/461.npy,electronic,3
462,5.8,1.66,4.6,2.06,0.6444444444444444,0.5111111111111111,data/deam/DEAM_spectrograms/462.npy,electronic,3
463,5.0,2.05,5.7,1.68,0.5555555555555556,0.6333333333333333,data/deam/DEAM_spectrograms/463.npy,electronic,3
464,5.1,1.22,5.6,1.5,0.5666666666666667,0.6222222222222222,data/deam/DEAM_spectrograms/464.npy,electronic,3
466,6.6,1.56,5.9,1.22,0.7333333333333333,0.6555555555555556,data/deam/DEAM_spectrograms/466.npy,electronic,3
467,5.7,2.19,6.8,1.17,0.6333333333333333,0.7555555555555555,data/deam/DEAM_spectrograms/467.npy,electronic,3
468,3.6,1.62,3.4,2.15,0.4,0.37777777777777777,data/deam/DEAM_spectrograms/468.npy,electronic,3
469,5.1,1.58,5.3,0.9,0.5666666666666667,0.5888888888888889,data/deam/DEAM_spectrograms/469.npy,electronic,3
472,6.5,2.11,5.2,1.54,0.7222222222222222,0.5777777777777778,data/deam/DEAM_spectrograms/472.npy,electronic,3
473,7.1,1.22,5.5,2.2,0.7888888888888889,0.6111111111111112,data/deam/DEAM_spectrograms/473.npy,electronic,3
475,5.6,2.01,5.0,2.0,0.6222222222222222,0.5555555555555556,data/deam/DEAM_spectrograms/475.npy,electronic,3
477,7.1,1.51,7.2,1.17,0.7888888888888889,0.8,data/deam/DEAM_spectrograms/477.npy,electronic,3
478,2.8,1.17,3.2,1.08,0.3111111111111111,0.35555555555555557,data/deam/DEAM_spectrograms/478.npy,electronic,3
479,4.5,1.8,5.7,0.9,0.5,0.6333333333333333,data/deam/DEAM_spectrograms/479.npy,electronic,3
480,2.7,1.62,4.1,1.14,0.30000000000000004,0.4555555555555555,data/deam/DEAM_spectrograms/480.npy,electronic,3
481,3.4,1.56,4.7,1.95,0.37777777777777777,0.5222222222222223,data/deam/DEAM_spectrograms/481.npy,electronic,3
482,1.9,0.7,3.5,2.2,0.2111111111111111,0.3888888888888889,data/deam/DEAM_spectrograms/482.npy,electronic,3
484,6.4,1.28,6.5,1.28,0.7111111111111111,0.7222222222222222,data/deam/DEAM_spectrograms/484.npy,electronic,3
485,2.6,0.92,3.7,1.42,0.2888888888888889,0.41111111111111115,data/deam/DEAM_spectrograms/485.npy,electronic,3
486,6.2,1.83,5.7,1.62,0.6888888888888889,0.6333333333333333,data/deam/DEAM_spectrograms/486.npy,electronic,3
487,4.5,1.57,5.3,1.19,0.5,0.5888888888888889,data/deam/DEAM_spectrograms/487.npy,electronic,3
488,1.6,0.8,3.4,1.28,0.17777777777777778,0.37777777777777777,data/deam/DEAM_spectrograms/488.npy,electronic,3
489,4.6,1.74,5.2,1.78,0.5111111111111111,0.5777777777777778,data/deam/DEAM_spectrograms/489.npy,electronic,3
490,3.9,1.51,3.7,1.68,0.43333333333333335,0.41111111111111115,data/deam/DEAM_spectrograms/490.npy,electronic,3
492,4.4,1.91,4.8,1.72,0.48888888888888893,0.5333333333333333,data/deam/DEAM_spectrograms/492.npy,electronic,3
493,3.7,1.55,4.9,1.14,0.41111111111111115,0.5444444444444445,data/deam/DEAM_spectrograms/493.npy,electronic,3
494,3.7,1.62,4.1,1.7,0.41111111111111115,0.4555555555555555,data/deam/DEAM_spectrograms/494.npy,electronic,3
496,4.7,2.15,5.9,1.81,0.5222222222222223,0.6555555555555556,data/deam/DEAM_spectrograms/496.npy,electronic,3
497,6.2,1.54,5.7,2.24,0.6888888888888889,0.6333333333333333,data/deam/DEAM_spectrograms/497.npy,electronic,3
498,2.9,1.87,2.8,1.47,0.3222222222222222,0.3111111111111111,data/deam/DEAM_spectrograms/498.npy,electronic,3
499,3.6,1.56,3.6,1.56,0.4,0.4,data/deam/DEAM_spectrograms/499.npy,electronic,3
500,6.0,1.79,5.2,1.66,0.6666666666666666,0.5777777777777778,data/deam/DEAM_spectrograms/500.npy,electronic,3
1001,4.4,1.5,3.8,1.72,0.48888888888888893,0.4222222222222222,data/deam/DEAM_spectrograms/1001.npy,country,2
1002,4.5,1.5,3.2,1.54,0.5,0.35555555555555557,data/deam/DEAM_spectrograms/1002.npy,blues,0
1003,5.3,1.79,3.3,1.35,0.5888888888888889,0.36666666666666664,data/deam/DEAM_spectrograms/1003.npy,blues,0
1004,3.8,0.98,4.7,1.49,0.4222222222222222,0.5222222222222223,data/deam/DEAM_spectrograms/1004.npy,country,2
1005,5.4,1.28,5.1,1.22,0.6000000000000001,0.5666666666666667,data/deam/DEAM_spectrograms/1005.npy,blues,0
1006,4.6,1.36,4.4,2.11,0.5111111111111111,0.48888888888888893,data/deam/DEAM_spectrograms/1006.npy,blues,0
1007,5.2,1.47,5.4,1.56,0.5777777777777778,0.6000000000000001,data/deam/DEAM_spectrograms/1007.npy,blues,0
1008,6.0,1.55,5.4,1.5,0.6666666666666666,0.6000000000000001,data/deam/DEAM_spectrograms/1008.npy,blues,0
1009,3.5,1.69,3.7,1.85,0.3888888888888889,0.41111111111111115,data/deam/DEAM_spectrograms/1009.npy,blues,0
1010,6.5,1.63,6.5,1.5,0.7222222222222222,0.7222222222222222,data/deam/DEAM_spectrograms/1010.npy,blues,0
1011,4.5,1.43,3.0,1.1,0.5,0.3333333333333333,data/deam/DEAM_spectrograms/1011.npy,blues,0
1012,4.3,1.62,2.9,1.51,0.47777777777777775,0.3222222222222222,data/deam/DEAM_spectrograms/1012.npy,blues,0
1013,3.2,1.4,3.5,1.75,0.35555555555555557,0.3888888888888889,data/deam/DEAM_spectrograms/1013.npy,blues,0
1014,4.9,1.04,4.5,1.28,0.5444444444444445,0.5,data/deam/DEAM_spectrograms/1014.npy,blues,0
1015,5.9,1.58,6.3,1.55,0.6555555555555556,0.7,data/deam/DEAM_spectrograms/1015.npy,blues,0
1016,3.3,1.42,1.9,0.7,0.36666666666666664,0.2111111111111111,data/deam/DEAM_spectrograms/1016.npy,blues,0
1017,4.1,1.3,3.8,1.66,0.4555555555555555,0.4222222222222222,data/deam/DEAM_spectrograms/1017.npy,blues,0
1018,3.7,1.49,2.5,1.28,0.41111111111111115,0.2777777777777778,data/deam/DEAM_spectrograms/1018.npy,blues,0
1019,4.3,1.68,2.8,1.08,0.47777777777777775,0.3111111111111111,data/deam/DEAM_spectrograms/1019.npy,blues,0
1020,3.4,1.43,2.5,0.81,0.37777777777777777,0.2777777777777778,data/deam/DEAM_spectrograms/1020.npy,blues,0
1021,6.2,1.66,4.8,1.17,0.6888888888888889,0.5333333333333333,data/deam/DEAM_spectrograms/1021.npy,blues,0
1022,3.3,1.19,3.3,1.68,0.36666666666666664,0.36666666666666664,data/deam/DEAM_spectrograms/1022.npy,blues,0
1023,2.9,1.37,2.3,0.78,0.3222222222222222,0.25555555555555554,data/deam/DEAM_spectrograms/1023.npy,blues,0
1024,3.2,1.47,2.9,1.14,0.35555555555555557,0.3222222222222222,data/deam/DEAM_spectrograms/1024.npy,blues,0
1025,5.1,2.21,6.1,1.81,0.5666666666666667,0.6777777777777777,data/deam/DEAM_spectrograms/1025.npy,blues,0
1026,3.7,1.73,2.8,1.83,0.41111111111111115,0.3111111111111111,data/deam/DEAM_spectrograms/1026.npy,blues,0
1027,4.6,0.92,3.8,0.75,0.5111111111111111,0.4222222222222222,data/deam/DEAM_spectrograms/1027.npy,blues,0
1028,4.5,1.28,4.8,1.25,0.5,0.5333333333333333,data/deam/DEAM_spectrograms/1028.npy,blues,0
1029,3.9,0.99,4.5,1.08,0.43333333333333335,0.5,data/deam/DEAM_spectrograms/1029.npy,blues,0
1030,5.7,1.42,5.2,1.25,0.6333333333333333,0.5777777777777778,data/deam/DEAM_spectrograms/1030.npy,blues,0
1031,4.8,1.4,5.0,1.84,0.5333333333333333,0.5555555555555556,data/deam/DEAM_spectrograms/1031.npy,blues,0
1032,3.3,1.42,4.1,1.92,0.36666666666666664,0.4555555555555555,data/deam/DEAM_spectrograms/1032.npy,blues,0
1033,5.3,1.19,5.6,0.92,0.5888888888888889,0.6222222222222222,data/deam/DEAM_spectrograms/1033.npy,blues,0
1034,3.3,1.55,2.8,1.08,0.36666666666666664,0.3111111111111111,data/deam/DEAM_spectrograms/1034.npy,blues,0
1035,4.3,1.49,4.2,1.94,0.47777777777777775,0.4666666666666667,data/deam/DEAM_spectrograms/1035.npy,blues,0
1036,4.8,1.6,3.0,0.89,0.5333333333333333,0.3333333333333333,data/deam/DEAM_spectrograms/1036.npy,blues,0
1037,5.0,0.63,4.4,1.36,0.5555555555555556,0.48888888888888893,data/deam/DEAM_spectrograms/1037.npy,blues,0
1038,5.0,1.26,4.1,1.64,0.5555555555555556,0.4555555555555555,data/deam/DEAM_spectrograms/1038.npy,blues,0
1039,6.3,1.49,4.6,1.5,0.7,0.5111111111111111,data/deam/DEAM_spectrograms/1039.npy,blues,0
1040,6.2,1.54,5.3,1.35,0.6888888888888889,0.5888888888888889,data/deam/DEAM_spectrograms/1040.npy,blues,0
1041,5.6,1.2,5.4,1.62,0.6222222222222222,0.6000000000000001,data/deam/DEAM_spectrograms/1041.npy,blues,0
1042,5.0,1.18,4.3,1.85,0.5555555555555556,0.47777777777777775,data/deam/DEAM_spectrograms/1042.npy,blues,0
1043,4.9,1.76,5.0,1.41,0.5444444444444445,0.5555555555555556,data/deam/DEAM_spectrograms/1043.npy,blues,0
1044,7.1,1.64,6.1,1.81,0.7888888888888889,0.6777777777777777,data/deam/DEAM_spectrograms/1044.npy,blues,0
1045,4.4,1.43,3.1,1.22,0.48888888888888893,0.34444444444444444,data/deam/DEAM_spectrograms/1045.npy,blues,0
1046,5.6,1.69,5.0,2.05,0.6222222222222222,0.5555555555555556,data/deam/DEAM_spectrograms/1046.npy,blues,0
1047,5.3,1.19,4.4,1.5,0.5888888888888889,0.48888888888888893,data/deam/DEAM_spectrograms/1047.npy,blues,0
1048,5.0,2.19,6.7,1.0,0.5555555555555556,0.7444444444444445,data/deam/DEAM_spectrograms/1048.npy,blues,0
1049,5.3,2.28,6.7,1.95,0.5888888888888889,0.7444444444444445,data/deam/DEAM_spectrograms/1049.npy,blues,0
1050,6.0,1.26,5.8,1.08,0.6666666666666666,0.6444444444444444,data/deam/DEAM_spectrograms/1050.npy,blues,0
1051,5.2,1.08,5.3,1.1,0.5777777777777778,0.5888888888888889,data/deam/DEAM_spectrograms/1051.npy,blues,0
1052,5.5,2.25,6.6,1.62,0.6111111111111112,0.7333333333333333,data/deam/DEAM_spectrograms/1052.npy,blues,0
1053,4.5,2.11,6.3,1.19,0.5,0.7,data/deam/DEAM_spectrograms/1053.npy,blues,0
1054,3.7,2.49,6.3,2.49,0.41111111111111115,0.7,data/deam/DEAM_spectrograms/1054.npy,blues,0
1055,3.7,2.53,6.3,2.1,0.41111111111111115,0.7,data/deam/DEAM_spectrograms/1055.npy,blues,0
1056,4.2,1.47,5.0,1.84,0.4666666666666667,0.5555555555555556,data/deam/DEAM_spectrograms/1056.npy,blues,0
1057,4.7,2.28,7.1,1.58,0.5222222222222223,0.7888888888888889,data/deam/DEAM_spectrograms/1057.npy,blues,0
1058,4.0,2.05,5.8,2.04,0.4444444444444444,0.6444444444444444,data/deam/DEAM_spectrograms/1058.npy,blues,0
1059,4.7,2.71,7.5,1.78,0.5222222222222223,0.8333333333333334,data/deam/DEAM_spectrograms/1059.npy,blues,0
1060,5.2,2.09,6.1,1.87,0.5777777777777778,0.6777777777777777,data/deam/DEAM_spectrograms/1060.npy,blues,0
1061,6.5,1.8,6.2,1.83,0.7222222222222222,0.6888888888888889,data/deam/DEAM_spectrograms/1061.npy,blues,0
1062,4.1,1.64,4.3,1.55,0.4555555555555555,0.47777777777777775,data/deam/DEAM_spectrograms/1062.npy,blues,0
1063,5.2,1.66,6.4,1.5,0.5777777777777778,0.7111111111111111,data/deam/DEAM_spectrograms/1063.npy,blues,0
1064,5.2,2.25,7.1,1.52,0.5777777777777778,0.7888888888888889,data/deam/DEAM_spectrograms/1064.npy,blues,0
1065,6.0,1.41,6.4,1.28,0.6666666666666666,0.7111111111111111,data/deam/DEAM_spectrograms/1065.npy,blues,0
1085,6.1,1.37,5.2,1.78,0.6777777777777777,0.5777777777777778,data/deam/DEAM_spectrograms/1085.npy,electronic,3
1086,5.9,1.3,4.3,1.0,0.6555555555555556,0.47777777777777775,data/deam/DEAM_spectrograms/1086.npy,electronic,3
1087,6.0,1.73,6.4,1.5,0.6666666666666666,0.7111111111111111,data/deam/DEAM_spectrograms/1087.npy,electronic,3
1088,7.3,0.9,6.6,1.11,0.8111111111111111,0.7333333333333333,data/deam/DEAM_spectrograms/1088.npy,electronic,3
1089,6.4,1.69,6.6,1.5,0.7111111111111111,0.7333333333333333,data/deam/DEAM_spectrograms/1089.npy,electronic,3
1090,5.6,1.69,6.6,1.36,0.6222222222222222,0.7333333333333333,data/deam/DEAM_spectrograms/1090.npy,electronic,3
1091,5.7,2.15,5.8,1.6,0.6333333333333333,0.6444444444444444,data/deam/DEAM_spectrograms/1091.npy,electronic,3
1092,5.8,1.54,6.3,1.35,0.6444444444444444,0.7,data/deam/DEAM_spectrograms/1092.npy,electronic,3
1093,5.8,1.47,6.0,1.61,0.6444444444444444,0.6666666666666666,data/deam/DEAM_spectrograms/1093.npy,electronic,3
1094,6.4,1.2,6.3,1.27,0.7111111111111111,0.7,data/deam/DEAM_spectrograms/1094.npy,electronic,3
1095,6.2,1.6,6.2,1.47,0.6888888888888889,0.6888888888888889,data/deam/DEAM_spectrograms/1095.npy,electronic,3
1096,3.8,1.08,3.6,1.5,0.4222222222222222,0.4,data/deam/DEAM_spectrograms/1096.npy,electronic,3
1097,5.5,1.69,5.4,1.91,0.6111111111111112,0.6000000000000001,data/deam/DEAM_spectrograms/1097.npy,electronic,3
1098,6.8,1.4,6.3,1.73,0.7555555555555555,0.7,data/deam/DEAM_spectrograms/1098.npy,electronic,3
1099,5.7,1.85,5.9,1.76,0.6333333333333333,0.6555555555555556,data/deam/DEAM_spectrograms/1099.npy,electronic,3
1100,6.3,1.19,5.6,1.28,0.7,0.6222222222222222,data/deam/DEAM_spectrograms/1100.npy,electronic,3
1101,3.7,1.42,2.4,1.43,0.41111111111111115,0.26666666666666666,data/deam/DEAM_spectrograms/1101.npy,classical,1
1102,2.3,0.78,4.5,2.16,0.25555555555555554,0.5,data/deam/DEAM_spectrograms/1102.npy,classical,1
1103,3.6,1.56,3.5,1.91,0.4,0.3888888888888889,data/deam/DEAM_spectrograms/1103.npy,classical,1
1104,4.2,1.54,4.4,1.28,0.4666666666666667,0.48888888888888893,data/deam/DEAM_spectrograms/1104.npy,classical,1
1105,3.8,1.47,3.7,1.9,0.4222222222222222,0.41111111111111115,data/deam/DEAM_spectrograms/1105.npy,classical,1
1106,3.0,1.34,3.9,1.97,0.3333333333333333,0.43333333333333335,data/deam/DEAM_spectrograms/1106.npy,classical,1
1107,3.0,1.26,3.2,1.33,0.3333333333333333,0.35555555555555557,data/deam/DEAM_spectrograms/1107.npy,classical,1
1108,4.8,1.17,3.7,1.42,0.5333333333333333,0.41111111111111115,data/deam/DEAM_spectrograms/1108.npy,classical,1
1109,4.2,2.18,2.4,1.02,0.4666666666666667,0.26666666666666666,data/deam/DEAM_spectrograms/1109.npy,classical,1
1110,5.1,2.17,5.4,1.74,0.5666666666666667,0.6000000000000001,data/deam/DEAM_spectrograms/1110.npy,classical,1
1111,3.2,1.4,2.9,1.58,0.35555555555555557,0.3222222222222222,data/deam/DEAM_spectrograms/1111.npy,classical,1
1112,3.1,1.45,2.3,1.27,0.34444444444444444,0.25555555555555554,data/deam/DEAM_spectrograms/1112.npy,classical,1
1113,3.4,1.5,3.0,1.55,0.37777777777777777,0.3333333333333333,data/deam/DEAM_spectrograms/1113.npy,classical,1
1114,3.4,1.56,3.3,2.37,0.37777777777777777,0.36666666666666664,data/deam/DEAM_spectrograms/1114.npy,classical,1
1115,4.4,2.37,3.9,1.97,0.48888888888888893,0.43333333333333335,data/deam/DEAM_spectrograms/1115.npy,classical,1
1116,5.7,1.9,3.0,1.41,0.6333333333333333,0.3333333333333333,data/deam/DEAM_spectrograms/1116.npy,classical,1
1117,4.2,1.33,3.4,1.5,0.4666666666666667,0.37777777777777777,data/deam/DEAM_spectrograms/1117.npy,classical,1
1118,4.0,1.84,1.9,0.7,0.4444444444444444,0.2111111111111111,data/deam/DEAM_spectrograms/1118.npy,classical,1
1119,3.4,2.01,2.1,1.04,0.37777777777777777,0.23333333333333334,data/deam/DEAM_spectrograms/1119.npy,classical,1
1120,3.4,1.56,2.8,1.08,0.37777777777777777,0.3111111111111111,data/deam/DEAM_spectrograms/1120.npy,classical,1
1121,3.9,1.76,2.3,1.1,0.43333333333333335,0.25555555555555554,data/deam/DEAM_spectrograms/1121.npy,classical,1
1122,6.8,1.94,5.4,1.5,0.7555555555555555,0.6000000000000001,data/deam/DEAM_spectrograms/1122.npy,classical,1
1123,3.1,1.64,3.1,1.97,0.34444444444444444,0.34444444444444444,data/deam/DEAM_spectrograms/1123.npy,classical,1
1124,5.4,1.62,5.1,1.22,0.6000000000000001,0.5666666666666667,data/deam/DEAM_spectrograms/1124.npy,classical,1
1125,4.9,1.14,3.0,1.41,0.5444444444444445,0.3333333333333333,data/deam/DEAM_spectrograms/1125.npy,classical,1
1126,3.9,1.81,3.2,1.25,0.43333333333333335,0.35555555555555557,data/deam/DEAM_spectrograms/1126.npy,classical,1
1127,3.4,1.62,3.0,1.55,0.37777777777777777,0.3333333333333333,data/deam/DEAM_spectrograms/1127.npy,classical,1
1128,3.7,1.55,2.7,1.49,0.41111111111111115,0.30000000000000004,data/deam/DEAM_spectrograms/1128.npy,classical,1
1129,3.5,1.75,2.4,0.66,0.3888888888888889,0.26666666666666666,data/deam/DEAM_spectrograms/1129.npy,classical,1
1130,3.8,1.17,3.1,1.58,0.4222222222222222,0.34444444444444444,data/deam/DEAM_spectrograms/1130.npy,classical,1
1131,4.5,1.69,3.4,1.96,0.5,0.37777777777777777,data/deam/DEAM_spectrograms/1131.npy,classical,1
1132,4.6,1.62,3.4,0.66,0.5111111111111111,0.37777777777777777,data/deam/DEAM_spectrograms/1132.npy,classical,1
1133,5.0,2.05,2.4,1.96,0.5555555555555556,0.26666666666666666,data/deam/DEAM_spectrograms/1133.npy,classical,1
1134,4.1,1.87,2.1,1.04,0.4555555555555555,0.23333333333333334,data/deam/DEAM_spectrograms/1134.npy,classical,1
1135,3.1,1.51,2.7,1.35,0.34444444444444444,0.30000000000000004,data/deam/DEAM_spectrograms/1135.npy,classical,1
1136,4.5,1.36,3.4,1.91,0.5,0.37777777777777777,data/deam/DEAM_spectrograms/1136.npy,classical,1
1137,4.3,1.42,4.2,1.33,0.47777777777777775,0.4666666666666667,data/deam/DEAM_spectrograms/1137.npy,classical,1
1138,4.4,1.56,3.7,1.79,0.48888888888888893,0.41111111111111115,data/deam/DEAM_spectrograms/1138.npy,classical,1
1139,5.1,1.92,2.5,1.02,0.5666666666666667,0.2777777777777778,data/deam/DEAM_spectrograms/1139.npy,classical,1
1140,5.9,1.45,5.4,1.43,0.6555555555555556,0.6000000000000001,data/deam/DEAM_spectrograms/1140.npy,classical,1
1141,4.5,1.36,3.6,1.28,0.5,0.4,data/deam/DEAM_spectrograms/1141.npy,classical,1
1142,3.2,1.66,2.1,1.3,0.35555555555555557,0.23333333333333334,data/deam/DEAM_spectrograms/1142.npy,classical,1
1143,3.8,1.4,5.1,1.76,0.4222222222222222,0.5666666666666667,data/deam/DEAM_spectrograms/1143.npy,classical,1
1144,3.7,1.49,4.6,1.62,0.41111111111111115,0.5111111111111111,data/deam/DEAM_spectrograms/1144.npy,classical,1
1145,4.7,1.95,2.4,1.2,0.5222222222222223,0.26666666666666666,data/deam/DEAM_spectrograms/1145.npy,classical,1
1146,2.6,1.2,3.4,1.62,0.2888888888888889,0.37777777777777777,data/deam/DEAM_spectrograms/1146.npy,classical,1
1147,4.6,1.5,3.6,1.2,0.5111111111111111,0.4,data/deam/DEAM_spectrograms/1147.npy,classical,1
1148,3.4,1.85,3.0,1.41,0.37777777777777777,0.3333333333333333,data/deam/DEAM_spectrograms/1148.npy,classical,1
1149,4.0,1.73,2.6,1.36,0.4444444444444444,0.2888888888888889,data/deam/DEAM_spectrograms/1149.npy,classical,1
1150,4.1,1.7,2.3,0.64,0.4555555555555555,0.25555555555555554,data/deam/DEAM_spectrograms/1150.npy,classical,1
1151,5.0,1.73,5.6,1.2,0.5555555555555556,0.6222222222222222,data/deam/DEAM_spectrograms/1151.npy,classical,1
1152,6.1,1.58,5.6,1.28,0.6777777777777777,0.6222222222222222,data/deam/DEAM_spectrograms/1152.npy,classical,1
1153,3.9,1.81,2.5,0.67,0.43333333333333335,0.2777777777777778,data/deam/DEAM_spectrograms/1153.npy,classical,1
1154,3.9,1.7,4.4,1.56,0.43333333333333335,0.48888888888888893,data/deam/DEAM_spectrograms/1154.npy,classical,1
1155,4.2,1.66,4.3,1.0,0.4666666666666667,0.47777777777777775,data/deam/DEAM_spectrograms/1155.npy,classical,1
1156,7.0,1.34,5.6,2.2,0.7777777777777778,0.6222222222222222,data/deam/DEAM_spectrograms/1156.npy,classical,1
1157,6.9,0.94,6.1,1.37,0.7666666666666667,0.6777777777777777,data/deam/DEAM_spectrograms/1157.npy,classical,1
1158,6.2,1.33,6.2,1.78,0.6888888888888889,0.6888888888888889,data/deam/DEAM_spectrograms/1158.npy,classical,1
1159,5.8,1.94,6.0,1.67,0.6444444444444444,0.6666666666666666,data/deam/DEAM_spectrograms/1159.npy,classical,1
1160,6.4,0.66,5.4,1.5,0.7111111111111111,0.6000000000000001,data/deam/DEAM_spectrograms/1160.npy,classical,1
1161,4.1,1.87,2.5,1.5,0.4555555555555555,0.2777777777777778,data/deam/DEAM_spectrograms/1161.npy,classical,1
1162,3.6,1.11,3.8,1.72,0.4,0.4222222222222222,data/deam/DEAM_spectrograms/1162.npy,classical,1
1163,6.2,1.89,5.3,1.49,0.6888888888888889,0.5888888888888889,data/deam/DEAM_spectrograms/1163.npy,classical,1
1164,3.6,1.56,3.1,1.22,0.4,0.34444444444444444,data/deam/DEAM_spectrograms/1164.npy,classical,1
1165,3.5,1.43,2.8,1.17,0.3888888888888889,0.3111111111111111,data/deam/DEAM_spectrograms/1165.npy,classical,1
1166,4.6,1.85,3.3,1.9,0.5111111111111111,0.36666666666666664,data/deam/DEAM_spectrograms/1166.npy,classical,1
1167,3.6,1.8,2.8,1.25,0.4,0.3111111111111111,data/deam/DEAM_spectrograms/1167.npy,classical,1
1168,4.4,2.54,3.3,1.68,0.48888888888888893,0.36666666666666664,data/deam/DEAM_spectrograms/1168.npy,classical,1
1169,3.9,1.7,2.8,1.25,0.43333333333333335,0.3111111111111111,data/deam/DEAM_spectrograms/1169.npy,classical,1
1170,3.1,1.7,2.1,0.94,0.34444444444444444,0.23333333333333334,data/deam/DEAM_spectrograms/1170.npy,classical,1
1171,3.6,1.56,1.9,1.04,0.4,0.2111111111111111,data/deam/DEAM_spectrograms/1171.npy,classical,1
1172,3.9,2.02,2.5,1.5,0.43333333333333335,0.2777777777777778,data/deam/DEAM_spectrograms/1172.npy,classical,1
1173,4.3,1.49,4.0,2.05,0.47777777777777775,0.4444444444444444,data/deam/DEAM_spectrograms/1173.npy,classical,1
1174,3.6,2.15,3.3,1.79,0.4,0.36666666666666664,data/deam/DEAM_spectrograms/1174.npy,classical,1
1175,3.7,1.27,3.4,1.02,0.41111111111111115,0.37777777777777777,data/deam/DEAM_spectrograms/1175.npy,classical,1
1176,4.9,1.81,2.7,1.62,0.5444444444444445,0.30000000000000004,data/deam/DEAM_spectrograms/1176.npy,classical,1
1177,5.2,2.14,3.3,1.9,0.5777777777777778,0.36666666666666664,data/deam/DEAM_spectrograms/1177.npy,classical,1
1178,4.9,2.12,4.5,1.96,0.5444444444444445,0.5,data/deam/DEAM_spectrograms/1178.npy,classical,1
1179,3.4,1.02,4.1,1.37,0.37777777777777777,0.4555555555555555,data/deam/DEAM_spectrograms/1179.npy,classical,1
1180,3.3,1.62,2.6,1.02,0.36666666666666664,0.2888888888888889,data/deam/DEAM_spectrograms/1180.npy,classical,1
1181,3.7,1.42,4.4,1.91,0.41111111111111115,0.48888888888888893,data/deam/DEAM_spectrograms/1181.npy,classical,1
1182,2.7,1.35,2.2,1.17,0.30000000000000004,0.24444444444444446,data/deam/DEAM_spectrograms/1182.npy,classical,1
1183,3.7,2.1,3.2,1.89,0.41111111111111115,0.35555555555555557,data/deam/DEAM_spectrograms/1183.npy,classical,1
1184,4.2,1.6,2.3,1.27,0.4666666666666667,0.25555555555555554,data/deam/DEAM_spectrograms/1184.npy,classical,1
1185,6.2,1.6,4.8,1.47,0.6888888888888889,0.5333333333333333,data/deam/DEAM_spectrograms/1185.npy,classical,1
1186,3.7,1.55,1.9,0.83,0.41111111111111115,0.2111111111111111,data/deam/DEAM_spectrograms/1186.npy,classical,1
1187,4.4,1.96,4.1,1.81,0.48888888888888893,0.4555555555555555,data/deam/DEAM_spectrograms/1187.npy,classical,1
1188,4.7,1.85,3.3,1.42,0.5222222222222223,0.36666666666666664,data/deam/DEAM_spectrograms/1188.npy,classical,1
1189,4.8,1.78,3.2,1.4,0.5333333333333333,0.35555555555555557,data/deam/DEAM_spectrograms/1189.npy,classical,1
1190,3.5,1.75,2.2,0.87,0.3888888888888889,0.24444444444444446,data/deam/DEAM_spectrograms/1190.npy,classical,1
1191,4.4,1.85,2.6,1.2,0.48888888888888893,0.2888888888888889,data/deam/DEAM_spectrograms/1191.npy,classical,1
1192,3.7,1.95,2.9,1.22,0.41111111111111115,0.3222222222222222,data/deam/DEAM_spectrograms/1192.npy,classical,1
1193,4.4,1.43,3.9,1.45,0.48888888888888893,0.43333333333333335,data/deam/DEAM_spectrograms/1193.npy,classical,1
1194,3.4,1.43,2.5,1.2,0.37777777777777777,0.2777777777777778,data/deam/DEAM_spectrograms/1194.npy,classical,1
1195,4.2,2.23,4.0,1.48,0.4666666666666667,0.4444444444444444,data/deam/DEAM_spectrograms/1195.npy,classical,1
1196,3.8,1.6,2.7,1.55,0.4222222222222222,0.30000000000000004,data/deam/DEAM_spectrograms/1196.npy,classical,1
1197,3.9,1.64,2.8,1.54,0.43333333333333335,0.3111111111111111,data/deam/DEAM_spectrograms/1197.npy,classical,1
1198,3.5,2.06,1.8,0.98,0.3888888888888889,0.2,data/deam/DEAM_spectrograms/1198.npy,classical,1
1199,4.5,1.96,3.5,1.36,0.5,0.3888888888888889,data/deam/DEAM_spectrograms/1199.npy,classical,1
1200,3.2,1.08,3.6,1.43,0.35555555555555557,0.4,data/deam/DEAM_spectrograms/1200.npy,classical,1
1201,6.0,1.61,5.5,1.12,0.6666666666666666,0.6111111111111112,data/deam/DEAM_spectrograms/1201.npy,country,2
1202,4.1,1.97,2.7,1.35,0.4555555555555555,0.30000000000000004,data/deam/DEAM_spectrograms/1202.npy,country,2
1203,4.0,1.41,3.4,1.28,0.4444444444444444,0.37777777777777777,data/deam/DEAM_spectrograms/1203.npy,country,2
1204,6.6,0.92,5.5,1.28,0.7333333333333333,0.6111111111111112,data/deam/DEAM_spectrograms/1204.npy,country,2
1205,6.0,1.67,5.7,1.62,0.6666666666666666,0.6333333333333333,data/deam/DEAM_spectrograms/1205.npy,country,2
1206,5.1,1.7,5.8,1.6,0.5666666666666667,0.6444444444444444,data/deam/DEAM_spectrograms/1206.npy,country,2
1207,4.7,1.68,3.4,1.74,0.5222222222222223,0.37777777777777777,data/deam/DEAM_spectrograms/1207.npy,country,2
1208,6.2,1.08,4.6,1.11,0.6888888888888889,0.5111111111111111,data/deam/DEAM_spectrograms/1208.npy,country,2
1209,4.4,1.62,2.7,0.78,0.48888888888888893,0.30000000000000004,data/deam/DEAM_spectrograms/1209.npy,country,2
1210,3.8,2.04,2.4,1.2,0.4222222222222222,0.26666666666666666,data/deam/DEAM_spectrograms/1210.npy,country,2
1211,5.5,1.43,4.7,1.55,0.6111111111111112,0.5222222222222223,data/deam/DEAM_spectrograms/1211.npy,country,2
1212,3.5,1.43,2.7,1.27,0.3888888888888889,0.30000000000000004,data/deam/DEAM_spectrograms/1212.npy,country,2
1213,3.1,1.22,2.8,1.25,0.34444444444444444,0.3111111111111111,data/deam/DEAM_spectrograms/1213.npy,country,2
1214,6.2,1.08,5.3,1.49,0.6888888888888889,0.5888888888888889,data/deam/DEAM_spectrograms/1214.npy,country,2
1215,6.2,1.17,5.6,1.36,0.6888888888888889,0.6222222222222222,data/deam/DEAM_spectrograms/1215.npy,country,2
1216,5.5,1.36,5.3,1.73,0.6111111111111112,0.5888888888888889,data/deam/DEAM_spectrograms/1216.npy,country,2
1217,3.9,1.58,2.6,1.02,0.43333333333333335,0.2888888888888889,data/deam/DEAM_spectrograms/1217.npy,country,2
1218,3.9,1.92,4.1,1.81,0.43333333333333335,0.4555555555555555,data/deam/DEAM_spectrograms/1218.npy,country,2
1219,4.3,1.27,2.2,1.17,0.47777777777777775,0.24444444444444446,data/deam/DEAM_spectrograms/1219.npy,country,2
1220,3.6,1.56,2.2,1.08,0.4,0.24444444444444446,data/deam/DEAM_spectrograms/1220.npy,country,2
1221,5.4,0.8,5.3,1.0,0.6000000000000001,0.5888888888888889,data/deam/DEAM_spectrograms/1221.npy,country,2
1222,4.1,2.02,3.2,1.66,0.4555555555555555,0.35555555555555557,data/deam/DEAM_spectrograms/1222.npy,country,2
1223,4.6,1.91,5.6,1.74,0.5111111111111111,0.6222222222222222,data/deam/DEAM_spectrograms/1223.npy,country,2
1224,6.2,1.72,6.8,1.33,0.6888888888888889,0.7555555555555555,data/deam/DEAM_spectrograms/1224.npy,country,2
1225,3.4,1.85,4.6,2.15,0.37777777777777777,0.5111111111111111,data/deam/DEAM_spectrograms/1225.npy,country,2
1226,3.9,1.58,3.8,1.66,0.43333333333333335,0.4222222222222222,data/deam/DEAM_spectrograms/1226.npy,country,2
1227,4.7,1.79,5.7,1.85,0.5222222222222223,0.6333333333333333,data/deam/DEAM_spectrograms/1227.npy,country,2
1228,5.4,1.43,3.3,1.19,0.6000000000000001,0.36666666666666664,data/deam/DEAM_spectrograms/1228.npy,country,2
1229,5.2,1.66,4.3,1.68,0.5777777777777778,0.47777777777777775,data/deam/DEAM_spectrograms/1229.npy,country,2
1230,5.3,1.42,3.7,1.49,0.5888888888888889,0.41111111111111115,data/deam/DEAM_spectrograms/1230.npy,country,2
1231,5.5,1.5,6.5,1.2,0.6111111111111112,0.7222222222222222,data/deam/DEAM_spectrograms/1231.npy,country,2
1232,6.9,0.83,6.3,1.42,0.7666666666666667,0.7,data/deam/DEAM_spectrograms/1232.npy,country,2
1233,5.5,1.28,4.8,1.47,0.6111111111111112,0.5333333333333333,data/deam/DEAM_spectrograms/1233.npy,country,2
1234,4.6,1.43,3.0,0.89,0.5111111111111111,0.3333333333333333,data/deam/DEAM_spectrograms/1234.npy,country,2
1235,4.9,1.22,5.8,1.17,0.5444444444444445,0.6444444444444444,data/deam/DEAM_spectrograms/1235.npy,country,2
1236,4.5,1.02,4.9,1.04,0.5,0.5444444444444445,data/deam/DEAM_spectrograms/1236.npy,country,2
1237,4.1,1.37,3.3,1.27,0.4555555555555555,0.36666666666666664,data/deam/DEAM_spectrograms/1237.npy,country,2
1238,5.5,1.36,5.1,1.81,0.6111111111111112,0.5666666666666667,data/deam/DEAM_spectrograms/1238.npy,country,2
1239,6.3,2.0,6.7,1.73,0.7,0.7444444444444445,data/deam/DEAM_spectrograms/1239.npy,country,2
1240,2.7,1.19,2.6,0.8,0.30000000000000004,0.2888888888888889,data/deam/DEAM_spectrograms/1240.npy,country,2
1241,4.1,1.37,3.7,1.62,0.4555555555555555,0.41111111111111115,data/deam/DEAM_spectrograms/1241.npy,country,2
1242,4.7,0.9,4.3,1.35,0.5222222222222223,0.47777777777777775,data/deam/DEAM_spectrograms/1242.npy,country,2
1243,5.8,1.4,5.7,1.55,0.6444444444444444,0.6333333333333333,data/deam/DEAM_spectrograms/1243.npy,country,2
1244,4.6,1.5,3.7,1.27,0.5111111111111111,0.41111111111111115,data/deam/DEAM_spectrograms/1244.npy,country,2
1245,6.4,1.91,5.3,2.0,0.7111111111111111,0.5888888888888889,data/deam/DEAM_spectrograms/1245.npy,country,2
1246,4.5,1.8,3.1,1.58,0.5,0.34444444444444444,data/deam/DEAM_spectrograms/1246.npy,country,2
1247,4.4,1.91,6.3,1.85,0.48888888888888893,0.7,data/deam/DEAM_spectrograms/1247.npy,country,2
1248,3.7,1.35,3.0,1.26,0.41111111111111115,0.3333333333333333,data/deam/DEAM_spectrograms/1248.npy,country,2
1249,5.1,1.76,5.6,1.8,0.5666666666666667,0.6222222222222222,data/deam/DEAM_spectrograms/1249.npy,country,2
1250,7.0,1.41,7.4,0.92,0.7777777777777778,0.8222222222222223,data/deam/DEAM_spectrograms/1250.npy,country,2
1251,6.9,0.83,6.3,0.78,0.7666666666666667,0.7,data/deam/DEAM_spectrograms/1251.npy,country,2
1252,5.2,0.87,5.1,1.04,0.5777777777777778,0.5666666666666667,data/deam/DEAM_spectrograms/1252.npy,country,2
1253,4.1,1.3,3.0,1.0,0.4555555555555555,0.3333333333333333,data/deam/DEAM_spectrograms/1253.npy,country,2
1254,4.7,1.79,6.2,2.23,0.5222222222222223,0.6888888888888889,data/deam/DEAM_spectrograms/1254.npy,country,2
1255,3.4,2.32,2.0,0.81,0.37777777777777777,0.2222222222222222,data/deam/DEAM_spectrograms/1255.npy,country,2
1256,5.7,1.27,5.5,1.69,0.6333333333333333,0.6111111111111112,data/deam/DEAM_spectrograms/1256.npy,country,2
1257,5.0,1.18,3.8,1.25,0.5555555555555556,0.4222222222222222,data/deam/DEAM_spectrograms/1257.npy,country,2
1258,5.7,1.62,5.6,1.74,0.6333333333333333,0.6222222222222222,data/deam/DEAM_spectrograms/1258.npy,country,2
1259,3.6,1.5,2.8,1.08,0.4,0.3111111111111111,data/deam/DEAM_spectrograms/1259.npy,country,2
1260,7.2,0.75,6.5,1.43,0.8,0.7222222222222222,data/deam/DEAM_spectrograms/1260.npy,country,2
1261,3.8,1.83,3.1,1.37,0.4222222222222222,0.34444444444444444,data/deam/DEAM_spectrograms/1261.npy,country,2
1262,4.5,1.8,4.8,1.4,0.5,0.5333333333333333,data/deam/DEAM_spectrograms/1262.npy,country,2
1263,5.8,1.47,5.1,1.22,0.6444444444444444,0.5666666666666667,data/deam/DEAM_spectrograms/1263.npy,country,2
1264,4.6,1.96,3.6,1.96,0.5111111111111111,0.4,data/deam/DEAM_spectrograms/1264.npy,country,2
1265,5.8,1.4,5.5,1.12,0.6444444444444444,0.6111111111111112,data/deam/DEAM_spectrograms/1265.npy,country,2
1266,5.6,0.66,5.1,1.14,0.6222222222222222,0.5666666666666667,data/deam/DEAM_spectrograms/1266.npy,country,2
1267,4.5,1.69,3.7,1.55,0.5,0.41111111111111115,data/deam/DEAM_spectrograms/1267.npy,country,2
1268,5.3,1.42,3.7,1.55,0.5888888888888889,0.41111111111111115,data/deam/DEAM_spectrograms/1268.npy,country,2
1269,3.5,1.2,4.4,1.56,0.3888888888888889,0.48888888888888893,data/deam/DEAM_spectrograms/1269.npy,country,2
1270,4.6,1.02,5.3,1.49,0.5111111111111111,0.5888888888888889,data/deam/DEAM_spectrograms/1270.npy,country,2
1271,4.6,1.2,4.7,1.0,0.5111111111111111,0.5222222222222223,data/deam/DEAM_spectrograms/1271.npy,country,2
1272,4.0,1.48,3.2,1.33,0.4444444444444444,0.35555555555555557,data/deam/DEAM_spectrograms/1272.npy,country,2
1273,4.8,2.18,5.6,1.69,0.5333333333333333,0.6222222222222222,data/deam/DEAM_spectrograms/1273.npy,country,2
1274,6.0,1.48,5.4,1.11,0.6666666666666666,0.6000000000000001,data/deam/DEAM_spectrograms/1274.npy,country,2
1275,3.5,1.63,2.8,1.25,0.3888888888888889,0.3111111111111111,data/deam/DEAM_spectrograms/1275.npy,country,2
1276,4.8,1.08,5.5,0.81,0.5333333333333333,0.6111111111111112,data/deam/DEAM_spectrograms/1276.npy,country,2
1277,2.9,1.14,2.2,1.17,0.3222222222222222,0.24444444444444446,data/deam/DEAM_spectrograms/1277.npy,country,2
1278,5.1,1.58,4.1,1.64,0.5666666666666667,0.4555555555555555,data/deam/DEAM_spectrograms/1278.npy,country,2
1279,5.6,1.8,4.2,1.33,0.6222222222222222,0.4666666666666667,data/deam/DEAM_spectrograms/1279.npy,country,2
1280,5.9,1.7,5.4,1.43,0.6555555555555556,0.6000000000000001,data/deam/DEAM_spectrograms/1280.npy,country,2
1281,5.4,1.36,4.5,1.86,0.6000000000000001,0.5,data/deam/DEAM_spectrograms/1281.npy,country,2
1282,6.8,1.54,6.4,1.43,0.7555555555555555,0.7111111111111111,data/deam/DEAM_spectrograms/1282.npy,country,2
1283,3.3,1.79,5.2,1.47,0.36666666666666664,0.5777777777777778,data/deam/DEAM_spectrograms/1283.npy,country,2
1284,6.3,1.42,6.6,1.28,0.7,0.7333333333333333,data/deam/DEAM_spectrograms/1284.npy,country,2
1285,5.1,1.81,4.9,1.92,0.5666666666666667,0.5444444444444445,data/deam/DEAM_spectrograms/1285.npy,country,2
1286,3.8,1.83,3.0,1.34,0.4222222222222222,0.3333333333333333,data/deam/DEAM_spectrograms/1286.npy,country,2
1287,4.5,1.36,4.3,2.0,0.5,0.47777777777777775,data/deam/DEAM_spectrograms/1287.npy,country,2
1288,5.2,1.54,3.4,1.36,0.5777777777777778,0.37777777777777777,data/deam/DEAM_spectrograms/1288.npy,country,2
1289,5.0,1.41,4.4,1.43,0.5555555555555556,0.48888888888888893,data/deam/DEAM_spectrograms/1289.npy,country,2
1290,6.6,1.2,6.6,1.36,0.7333333333333333,0.7333333333333333,data/deam/DEAM_spectrograms/1290.npy,country,2
1291,3.6,2.01,2.5,1.28,0.4,0.2777777777777778,data/deam/DEAM_spectrograms/1291.npy,country,2
1292,5.6,1.91,5.2,1.08,0.6222222222222222,0.5777777777777778,data/deam/DEAM_spectrograms/1292.npy,country,2
1293,5.7,1.1,5.1,1.22,0.6333333333333333,0.5666666666666667,data/deam/DEAM_spectrograms/1293.npy,country,2
1294,5.9,1.22,5.5,1.28,0.6555555555555556,0.6111111111111112,data/deam/DEAM_spectrograms/1294.npy,country,2
1295,6.9,1.04,6.4,1.8,0.7666666666666667,0.7111111111111111,data/deam/DEAM_spectrograms/1295.npy,country,2
1296,5.0,1.34,5.9,0.83,0.5555555555555556,0.6555555555555556,data/deam/DEAM_spectrograms/1296.npy,country,2
1297,4.8,1.81,3.7,1.49,0.5333333333333333,0.41111111111111115,data/deam/DEAM_spectrograms/1297.npy,country,2
1298,6.9,0.94,5.6,1.36,0.7666666666666667,0.6222222222222222,data/deam/DEAM_spectrograms/1298.npy,country,2
1299,4.5,1.5,4.7,1.27,0.5,0.5222222222222223,data/deam/DEAM_spectrograms/1299.npy,country,2
1300,6.0,1.1,4.5,1.2,0.6666666666666666,0.5,data/deam/DEAM_spectrograms/1300.npy,country,2
1301,4.4,0.92,2.8,1.47,0.48888888888888893,0.3111111111111111,data/deam/DEAM_spectrograms/1301.npy,electronic,3
1302,4.4,1.62,3.8,1.72,0.48888888888888893,0.4222222222222222,data/deam/DEAM_spectrograms/1302.npy,electronic,3
1303,6.1,1.81,6.5,1.43,0.6777777777777777,0.7222222222222222,data/deam/DEAM_spectrograms/1303.npy,electronic,3
1304,5.2,1.72,6.3,1.68,0.5777777777777778,0.7,data/deam/DEAM_spectrograms/1304.npy,electronic,3
1305,4.7,2.0,6.2,1.25,0.5222222222222223,0.6888888888888889,data/deam/DEAM_spectrograms/1305.npy,electronic,3
1306,5.3,1.49,5.3,1.68,0.5888888888888889,0.5888888888888889,data/deam/DEAM_spectrograms/1306.npy,electronic,3
1307,5.1,0.94,5.4,1.69,0.5666666666666667,0.6000000000000001,data/deam/DEAM_spectrograms/1307.npy,electronic,3
1308,5.8,1.08,5.3,1.68,0.6444444444444444,0.5888888888888889,data/deam/DEAM_spectrograms/1308.npy,electronic,3
1309,6.5,1.02,7.4,0.92,0.7222222222222222,0.8222222222222223,data/deam/DEAM_spectrograms/1309.npy,electronic,3
1310,5.1,1.3,4.4,1.62,0.5666666666666667,0.48888888888888893,data/deam/DEAM_spectrograms/1310.npy,electronic,3
1311,4.1,1.3,3.5,1.36,0.4555555555555555,0.3888888888888889,data/deam/DEAM_spectrograms/1311.npy,electronic,3
1312,5.3,1.1,4.0,2.19,0.5888888888888889,0.4444444444444444,data/deam/DEAM_spectrograms/1312.npy,electronic,3
1313,4.2,1.25,3.0,0.89,0.4666666666666667,0.3333333333333333,data/deam/DEAM_spectrograms/1313.npy,electronic,3
1314,4.1,1.14,4.1,1.64,0.4555555555555555,0.4555555555555555,data/deam/DEAM_spectrograms/1314.npy,electronic,3
1315,7.0,1.1,6.4,1.69,0.7777777777777778,0.7111111111111111,data/deam/DEAM_spectrograms/1315.npy,electronic,3
1316,5.2,1.6,4.0,1.79,0.5777777777777778,0.4444444444444444,data/deam/DEAM_spectrograms/1316.npy,electronic,3
1317,5.3,1.73,6.2,1.66,0.5888888888888889,0.6888888888888889,data/deam/DEAM_spectrograms/1317.npy,electronic,3
1318,4.8,1.78,4.3,2.05,0.5333333333333333,0.47777777777777775,data/deam/DEAM_spectrograms/1318.npy,electronic,3
1319,6.5,1.02,5.6,1.36,0.7222222222222222,0.6222222222222222,data/deam/DEAM_spectrograms/1319.npy,electronic,3
1320,3.8,2.39,6.5,1.08,0.4222222222222222,0.7222222222222222,data/deam/DEAM_spectrograms/1320.npy,electronic,3
1321,4.5,1.36,5.7,1.27,0.5,0.6333333333333333,data/deam/DEAM_spectrograms/1321.npy,electronic,3
1322,6.5,0.92,5.5,1.63,0.7222222222222222,0.6111111111111112,data/deam/DEAM_spectrograms/1322.npy,electronic,3
1323,5.5,1.63,5.0,2.0,0.6111111111111112,0.5555555555555556,data/deam/DEAM_spectrograms/1323.npy,electronic,3
1324,6.1,1.51,6.7,1.49,0.6777777777777777,0.7444444444444445,data/deam/DEAM_spectrograms/1324.npy,electronic,3
1325,5.9,0.94,5.8,1.54,0.6555555555555556,0.6444444444444444,data/deam/DEAM_spectrograms/1325.npy,electronic,3
1326,6.1,0.94,5.0,1.18,0.6777777777777777,0.5555555555555556,data/deam/DEAM_spectrograms/1326.npy,electronic,3
1327,5.5,2.06,2.8,1.47,0.6111111111111112,0.3111111111111111,data/deam/DEAM_spectrograms/1327.npy,electronic,3
1328,4.4,1.85,2.7,1.1,0.48888888888888893,0.30000000000000004,data/deam/DEAM_spectrograms/1328.npy,electronic,3
1329,5.3,1.27,4.2,1.99,0.5888888888888889,0.4666666666666667,data/deam/DEAM_spectrograms/1329.npy,electronic,3
1330,5.7,1.9,7.2,0.98,0.6333333333333333,0.8,data/deam/DEAM_spectrograms/1330.npy,electronic,3
1331,5.3,1.79,4.4,2.15,0.5888888888888889,0.48888888888888893,data/deam/DEAM_spectrograms/1331.npy,electronic,3
1332,2.5,1.28,2.3,0.64,0.2777777777777778,0.25555555555555554,data/deam/DEAM_spectrograms/1332.npy,electronic,3
1333,4.5,1.86,5.7,1.79,0.5,0.6333333333333333,data/deam/DEAM_spectrograms/1333.npy,electronic,3
1334,3.8,2.71,7.8,1.47,0.4222222222222222,0.8666666666666667,data/deam/DEAM_spectrograms/1334.npy,electronic,3
1335,5.4,1.02,5.6,0.8,0.6000000000000001,0.6222222222222222,data/deam/DEAM_spectrograms/1335.npy,electronic,3
1336,3.6,1.8,2.7,1.55,0.4,0.30000000000000004,data/deam/DEAM_spectrograms/1336.npy,electronic,3
1337,5.0,1.48,6.5,1.2,0.5555555555555556,0.7222222222222222,data/deam/DEAM_spectrograms/1337.npy,electronic,3
1338,6.2,1.25,6.4,0.92,0.6888888888888889,0.7111111111111111,data/deam/DEAM_spectrograms/1338.npy,electronic,3
1339,7.2,0.75,6.8,1.78,0.8,0.7555555555555555,data/deam/DEAM_spectrograms/1339.npy,electronic,3
1340,6.4,0.8,5.7,1.27,0.7111111111111111,0.6333333333333333,data/deam/DEAM_spectrograms/1340.npy,electronic,3
1341,3.5,1.57,3.2,1.66,0.3888888888888889,0.35555555555555557,data/deam/DEAM_spectrograms/1341.npy,electronic,3
1342,6.5,1.69,6.4,1.28,0.7222222222222222,0.7111111111111111,data/deam/DEAM_spectrograms/1342.npy,electronic,3
1343,6.0,1.0,5.4,1.62,0.6666666666666666,0.6000000000000001,data/deam/DEAM_spectrograms/1343.npy,electronic,3
1344,6.3,1.35,5.5,1.43,0.7,0.6111111111111112,data/deam/DEAM_spectrograms/1344.npy,electronic,3
1345,4.5,1.12,2.9,0.83,0.5,0.3222222222222222,data/deam/DEAM_spectrograms/1345.npy,electronic,3
1346,6.5,1.12,5.6,1.69,0.7222222222222222,0.6222222222222222,data/deam/DEAM_spectrograms/1346.npy,electronic,3
1347,4.6,1.02,4.0,1.0,0.5111111111111111,0.4444444444444444,data/deam/DEAM_spectrograms/1347.npy,electronic,3
1348,5.8,1.25,6.3,1.42,0.6444444444444444,0.7,data/deam/DEAM_spectrograms/1348.npy,electronic,3
1349,5.2,0.87,5.2,0.98,0.5777777777777778,0.5777777777777778,data/deam/DEAM_spectrograms/1349.npy,electronic,3
1350,4.0,0.89,2.6,1.02,0.4444444444444444,0.2888888888888889,data/deam/DEAM_spectrograms/1350.npy,electronic,3
1351,6.3,1.27,5.9,1.22,0.7,0.6555555555555556,data/deam/DEAM_spectrograms/1351.npy,electronic,3
1352,6.7,1.49,6.4,1.43,0.7444444444444445,0.7111111111111111,data/deam/DEAM_spectrograms/1352.npy,electronic,3
1353,5.3,1.19,6.4,1.28,0.5888888888888889,0.7111111111111111,data/deam/DEAM_spectrograms/1353.npy,electronic,3
1354,4.6,1.2,2.0,1.1,0.5111111111111111,0.2222222222222222,data/deam/DEAM_spectrograms/1354.npy,electronic,3
1355,6.3,1.35,3.8,2.18,0.7,0.4222222222222222,data/deam/DEAM_spectrograms/1355.npy,electronic,3
1356,5.2,1.94,5.2,2.27,0.5777777777777778,0.5777777777777778,data/deam/DEAM_spectrograms/1356.npy,electronic,3
1357,4.5,1.5,6.0,1.79,0.5,0.6666666666666666,data/deam/DEAM_spectrograms/1357.npy,electronic,3
1358,6.0,1.34,6.0,1.48,0.6666666666666666,0.6666666666666666,data/deam/DEAM_spectrograms/1358.npy,electronic,3
1359,3.6,1.74,3.4,1.69,0.4,0.37777777777777777,data/deam/DEAM_spectrograms/1359.npy,electronic,3
1360,5.5,1.36,2.9,1.04,0.6111111111111112,0.3222222222222222,data/deam/DEAM_spectrograms/1360.npy,electronic,3
1361,4.4,1.56,2.5,1.43,0.48888888888888893,0.2777777777777778,data/deam/DEAM_spectrograms/1361.npy,electronic,3
1362,4.4,1.56,5.4,1.28,0.48888888888888893,0.6000000000000001,data/deam/DEAM_spectrograms/1362.npy,electronic,3
1363,5.1,1.37,3.6,1.02,0.5666666666666667,0.4,data/deam/DEAM_spectrograms/1363.npy,electronic,3
1364,4.3,1.68,6.2,0.98,0.47777777777777775,0.6888888888888889,data/deam/DEAM_spectrograms/1364.npy,electronic,3
1365,6.5,1.5,6.4,1.69,0.7222222222222222,0.7111111111111111,data/deam/DEAM_spectrograms/1365.npy,electronic,3
1366,5.4,1.69,6.3,0.9,0.6000000000000001,0.7,data/deam/DEAM_spectrograms/1366.npy,electronic,3
1367,7.1,1.37,7.2,1.54,0.7888888888888889,0.8,data/deam/DEAM_spectrograms/1367.npy,electronic,3
1368,3.4,1.36,3.3,2.15,0.37777777777777777,0.36666666666666664,data/deam/DEAM_spectrograms/1368.npy,electronic,3
1369,6.8,1.47,6.6,1.62,0.7555555555555555,0.7333333333333333,data/deam/DEAM_spectrograms/1369.npy,electronic,3
1370,4.3,1.19,4.1,1.22,0.47777777777777775,0.4555555555555555,data/deam/DEAM_spectrograms/1370.npy,electronic,3
1371,5.7,1.68,5.4,1.69,0.6333333333333333,0.6000000000000001,data/deam/DEAM_spectrograms/1371.npy,electronic,3
1372,4.8,1.47,5.2,1.25,0.5333333333333333,0.5777777777777778,data/deam/DEAM_spectrograms/1372.npy,electronic,3
1373,6.6,1.11,5.7,1.73,0.7333333333333333,0.6333333333333333,data/deam/DEAM_spectrograms/1373.npy,electronic,3
1374,6.0,1.1,4.1,1.37,0.6666666666666666,0.4555555555555555,data/deam/DEAM_spectrograms/1374.npy,electronic,3
1375,5.6,1.69,5.6,1.74,0.6222222222222222,0.6222222222222222,data/deam/DEAM_spectrograms/1375.npy,electronic,3
1376,7.0,1.48,6.6,1.43,0.7777777777777778,0.7333333333333333,data/deam/DEAM_spectrograms/1376.npy,electronic,3
1377,3.7,1.85,3.1,1.58,0.41111111111111115,0.34444444444444444,data/deam/DEAM_spectrograms/1377.npy,electronic,3
1378,5.5,1.69,5.7,1.62,0.6111111111111112,0.6333333333333333,data/deam/DEAM_spectrograms/1378.npy,electronic,3
1379,5.8,1.33,5.7,1.49,0.6444444444444444,0.6333333333333333,data/deam/DEAM_spectrograms/1379.npy,electronic,3
1380,4.1,1.37,4.5,1.57,0.4555555555555555,0.5,data/deam/DEAM_spectrograms/1380.npy,electronic,3
1381,6.1,1.92,7.1,1.14,0.6777777777777777,0.7888888888888889,data/deam/DEAM_spectrograms/1381.npy,electronic,3
1382,4.8,0.98,4.7,1.55,0.5333333333333333,0.5222222222222223,data/deam/DEAM_spectrograms/1382.npy,electronic,3
1383,5.6,1.28,3.0,1.48,0.6222222222222222,0.3333333333333333,data/deam/DEAM_spectrograms/1383.npy,electronic,3
1384,5.8,1.33,5.4,1.2,0.6444444444444444,0.6000000000000001,data/deam/DEAM_spectrograms/1384.npy,electronic,3
1385,6.0,1.41,6.0,1.1,0.6666666666666666,0.6666666666666666,data/deam/DEAM_spectrograms/1385.npy,electronic,3
1386,5.9,1.81,5.0,1.95,0.6555555555555556,0.5555555555555556,data/deam/DEAM_spectrograms/1386.npy,electronic,3
1387,6.1,0.94,4.5,2.11,0.6777777777777777,0.5,data/deam/DEAM_spectrograms/1387.npy,electronic,3
1388,6.8,1.47,7.8,1.08,0.7555555555555555,0.8666666666666667,data/deam/DEAM_spectrograms/1388.npy,electronic,3
1389,4.2,1.47,3.3,1.27,0.4666666666666667,0.36666666666666664,data/deam/DEAM_spectrograms/1389.npy,electronic,3
1390,6.1,1.3,6.3,1.49,0.6777777777777777,0.7,data/deam/DEAM_spectrograms/1390.npy,electronic,3
1391,4.3,1.55,5.7,1.19,0.47777777777777775,0.6333333333333333,data/deam/DEAM_spectrograms/1391.npy,electronic,3
1392,6.2,1.72,6.7,1.68,0.6888888888888889,0.7444444444444445,data/deam/DEAM_spectrograms/1392.npy,electronic,3
1393,6.2,0.75,4.1,1.45,0.6888888888888889,0.4555555555555555,data/deam/DEAM_spectrograms/1393.npy,electronic,3
1394,6.0,1.34,4.1,1.58,0.6666666666666666,0.4555555555555555,data/deam/DEAM_spectrograms/1394.npy,electronic,3
1395,4.7,1.55,3.5,1.2,0.5222222222222223,0.3888888888888889,data/deam/DEAM_spectrograms/1395.npy,electronic,3
1396,6.1,1.7,6.0,2.05,0.6777777777777777,0.6666666666666666,data/deam/DEAM_spectrograms/1396.npy,electronic,3
1397,4.3,1.49,3.3,1.62,0.47777777777777775,0.36666666666666664,data/deam/DEAM_spectrograms/1397.npy,electronic,3
1398,6.9,1.51,7.6,1.69,0.7666666666666667,0.8444444444444444,data/deam/DEAM_spectrograms/1398.npy,electronic,3
1399,6.1,1.7,6.4,1.62,0.6777777777777777,0.7111111111111111,data/deam/DEAM_spectrograms/1399.npy,electronic,3
1400,5.6,1.85,5.8,2.27,0.6222222222222222,0.6444444444444444,data/deam/DEAM_spectrograms/1400.npy,electronic,3
1402,5.6,1.2,2.5,1.28,0.6222222222222222,0.2777777777777778,data/deam/DEAM_spectrograms/1402.npy,electronic,3
1423,4.2,1.33,5.5,1.96,0.4666666666666667,0.6111111111111112,data/deam/DEAM_spectrograms/1423.npy,electronic,3
1424,4.5,1.36,3.5,0.92,0.5,0.3888888888888889,data/deam/DEAM_spectrograms/1424.npy,electronic,3
1425,5.1,1.76,5.2,1.89,0.5666666666666667,0.5777777777777778,data/deam/DEAM_spectrograms/1425.npy,electronic,3
1432,3.7,1.27,2.6,0.92,0.41111111111111115,0.2888888888888889,data/deam/DEAM_spectrograms/1432.npy,electronic,3
1435,3.6,1.5,5.3,1.68,0.4,0.5888888888888889,data/deam/DEAM_spectrograms/1435.npy,electronic,3
1487,4.3,1.85,2.4,0.8,0.47777777777777775,0.26666666666666666,data/deam/DEAM_spectrograms/1487.npy,electronic,3
1501,5.0,1.95,4.9,1.97,0.5555555555555556,0.5444444444444445,data/deam/DEAM_spectrograms/1501.npy,electronic,3
1502,7.2,0.98,7.0,1.34,0.8,0.7777777777777778,data/deam/DEAM_spectrograms/1502.npy,electronic,3
1503,5.9,1.14,4.1,2.3,0.6555555555555556,0.4555555555555555,data/deam/DEAM_spectrograms/1503.npy,electronic,3
1508,5.9,1.64,5.3,1.49,0.6555555555555556,0.5888888888888889,data/deam/DEAM_spectrograms/1508.npy,electronic,3
1509,5.9,1.14,5.4,1.8,0.6555555555555556,0.6000000000000001,data/deam/DEAM_spectrograms/1509.npy,electronic,3
1517,6.0,1.67,5.0,1.67,0.6666666666666666,0.5555555555555556,data/deam/DEAM_spectrograms/1517.npy,electronic,3
1518,6.1,1.45,6.3,1.55,0.6777777777777777,0.7,data/deam/DEAM_spectrograms/1518.npy,electronic,3
1524,5.6,1.43,4.4,2.11,0.6222222222222222,0.48888888888888893,data/deam/DEAM_spectrograms/1524.npy,electronic,3
1525,4.5,1.12,4.5,1.5,0.5,0.5,data/deam/DEAM_spectrograms/1525.npy,electronic,3
1526,5.9,1.45,5.9,1.7,0.6555555555555556,0.6555555555555556,data/deam/DEAM_spectrograms/1526.npy,electronic,3
1540,5.7,1.9,5.1,1.92,0.6333333333333333,0.5666666666666667,data/deam/DEAM_spectrograms/1540.npy,electronic,3
1541,5.2,1.08,4.6,1.56,0.5777777777777778,0.5111111111111111,data/deam/DEAM_spectrograms/1541.npy,electronic,3
1542,5.5,1.8,5.5,1.43,0.6111111111111112,0.6111111111111112,data/deam/DEAM_spectrograms/1542.npy,electronic,3
1549,4.9,1.81,5.2,1.72,0.5444444444444445,0.5777777777777778,data/deam/DEAM_spectrograms/1549.npy,electronic,3
1555,4.4,1.36,2.9,1.04,0.48888888888888893,0.3222222222222222,data/deam/DEAM_spectrograms/1555.npy,electronic,3
1557,5.5,1.86,6.3,1.42,0.6111111111111112,0.7,data/deam/DEAM_spectrograms/1557.npy,electronic,3
1560,5.2,0.98,5.2,1.4,0.5777777777777778,0.5777777777777778,data/deam/DEAM_spectrograms/1560.npy,electronic,3
1563,5.1,2.07,5.7,1.79,0.5666666666666667,0.6333333333333333,data/deam/DEAM_spectrograms/1563.npy,electronic,3
1564,6.1,1.81,6.4,1.43,0.6777777777777777,0.7111111111111111,data/deam/DEAM_spectrograms/1564.npy,electronic,3
1569,5.6,1.5,5.8,1.25,0.6222222222222222,0.6444444444444444,data/deam/DEAM_spectrograms/1569.npy,electronic,3
1570,5.2,1.47,4.6,1.74,0.5777777777777778,0.5111111111111111,data/deam/DEAM_spectrograms/1570.npy,electronic,3
1571,4.4,2.06,6.9,1.14,0.48888888888888893,0.7666666666666667,data/deam/DEAM_spectrograms/1571.npy,electronic,3
1573,4.9,1.37,3.6,1.8,0.5444444444444445,0.4,data/deam/DEAM_spectrograms/1573.npy,electronic,3
1574,5.9,1.64,5.4,1.69,0.6555555555555556,0.6000000000000001,data/deam/DEAM_spectrograms/1574.npy,electronic,3
1575,5.2,1.47,5.1,1.51,0.5777777777777778,0.5666666666666667,data/deam/DEAM_spectrograms/1575.npy,electronic,3
1576,5.4,0.8,3.9,1.45,0.6000000000000001,0.43333333333333335,data/deam/DEAM_spectrograms/1576.npy,electronic,3
1577,5.2,1.89,4.7,1.73,0.5777777777777778,0.5222222222222223,data/deam/DEAM_spectrograms/1577.npy,electronic,3
1580,6.1,1.04,5.2,1.08,0.6777777777777777,0.5777777777777778,data/deam/DEAM_spectrograms/1580.npy,electronic,3
1583,5.6,1.56,5.2,1.99,0.6222222222222222,0.5777777777777778,data/deam/DEAM_spectrograms/1583.npy,electronic,3
1584,4.9,1.37,4.6,1.8,0.5444444444444445,0.5111111111111111,data/deam/DEAM_spectrograms/1584.npy,electronic,3
1585,5.0,1.95,3.9,1.64,0.5555555555555556,0.43333333333333335,data/deam/DEAM_spectrograms/1585.npy,electronic,3
1587,5.0,1.0,5.5,1.28,0.5555555555555556,0.6111111111111112,data/deam/DEAM_spectrograms/1587.npy,electronic,3
1588,4.9,1.64,5.8,1.54,0.5444444444444445,0.6444444444444444,data/deam/DEAM_spectrograms/1588.npy,electronic,3
1591,5.9,0.94,4.7,1.42,0.6555555555555556,0.5222222222222223,data/deam/DEAM_spectrograms/1591.npy,electronic,3
1593,4.7,1.62,3.5,1.57,0.5222222222222223,0.3888888888888889,data/deam/DEAM_spectrograms/1593.npy,electronic,3
1594,5.6,1.43,5.4,1.69,0.6222222222222222,0.6000000000000001,data/deam/DEAM_spectrograms/1594.npy,electronic,3
1596,5.5,1.8,5.1,1.87,0.6111111111111112,0.5666666666666667,data/deam/DEAM_spectrograms/1596.npy,electronic,3
1601,5.0,1.67,5.3,1.73,0.5555555555555556,0.5888888888888889,data/deam/DEAM_spectrograms/1601.npy,electronic,3
1617,6.1,1.64,5.9,1.81,0.6777777777777777,0.6555555555555556,data/deam/DEAM_spectrograms/1617.npy,electronic,3
1623,5.6,1.69,5.3,1.95,0.6222222222222222,0.5888888888888889,data/deam/DEAM_spectrograms/1623.npy,electronic,3
1624,5.7,1.73,6.4,1.62,0.6333333333333333,0.7111111111111111,data/deam/DEAM_spectrograms/1624.npy,electronic,3
1626,6.1,1.64,6.0,1.55,0.6777777777777777,0.6666666666666666,data/deam/DEAM_spectrograms/1626.npy,electronic,3
1634,5.5,1.8,6.1,1.7,0.6111111111111112,0.6777777777777777,data/deam/DEAM_spectrograms/1634.npy,electronic,3
1641,4.6,1.11,5.3,1.19,0.5111111111111111,0.5888888888888889,data/deam/DEAM_spectrograms/1641.npy,electronic,3
1642,5.1,1.45,4.9,1.51,0.5666666666666667,0.5444444444444445,data/deam/DEAM_spectrograms/1642.npy,electronic,3
1645,5.8,1.99,5.7,1.68,0.6444444444444444,0.6333333333333333,data/deam/DEAM_spectrograms/1645.npy,electronic,3
1653,4.3,1.0,3.1,0.94,0.47777777777777775,0.34444444444444444,data/deam/DEAM_spectrograms/1653.npy,electronic,3
1654,4.8,1.13,3.1,0.74,0.5333333333333333,0.34444444444444444,data/deam/DEAM_spectrograms/1654.npy,electronic,3
1655,6.1,1.45,6.1,1.45,0.6777777777777777,0.6777777777777777,data/deam/DEAM_spectrograms/1655.npy,electronic,3
1659,4.6,1.91,4.6,1.91,0.5111111111111111,0.5111111111111111,data/deam/DEAM_spectrograms/1659.npy,electronic,3
1660,5.2,1.47,5.5,1.43,0.5777777777777778,0.6111111111111112,data/deam/DEAM_spectrograms/1660.npy,electronic,3
1661,5.7,1.62,6.3,1.42,0.6333333333333333,0.7,data/deam/DEAM_spectrograms/1661.npy,electronic,3
1674,5.0,1.48,5.3,1.42,0.5555555555555556,0.5888888888888889,data/deam/DEAM_spectrograms/1674.npy,electronic,3
1681,5.0,1.73,3.5,1.28,0.5555555555555556,0.3888888888888889,data/deam/DEAM_spectrograms/1681.npy,electronic,3
1687,5.1,1.76,4.7,1.55,0.5666666666666667,0.5222222222222223,data/deam/DEAM_spectrograms/1687.npy,electronic,3
1688,5.2,1.89,4.7,1.62,0.5777777777777778,0.5222222222222223,data/deam/DEAM_spectrograms/1688.npy,electronic,3
1689,7.1,0.83,6.4,1.11,0.7888888888888889,0.7111111111111111,data/deam/DEAM_spectrograms/1689.npy,electronic,3
1699,5.1,1.76,5.0,1.95,0.5666666666666667,0.5555555555555556,data/deam/DEAM_spectrograms/1699.npy,electronic,3
1700,5.6,1.5,5.0,1.79,0.6222222222222222,0.5555555555555556,data/deam/DEAM_spectrograms/1700.npy,electronic,3
1709,4.0,2.0,3.8,1.94,0.4444444444444444,0.4222222222222222,data/deam/DEAM_spectrograms/1709.npy,electronic,3
1711,5.0,1.1,3.2,1.47,0.5555555555555556,0.35555555555555557,data/deam/DEAM_spectrograms/1711.npy,electronic,3
1714,6.1,0.7,4.0,1.61,0.6777777777777777,0.4444444444444444,data/deam/DEAM_spectrograms/1714.npy,electronic,3
1715,5.9,1.22,5.6,1.62,0.6555555555555556,0.6222222222222222,data/deam/DEAM_spectrograms/1715.npy,electronic,3
1716,5.8,1.47,5.4,1.28,0.6444444444444444,0.6000000000000001,data/deam/DEAM_spectrograms/1716.npy,electronic,3
1718,4.7,1.49,3.5,1.91,0.5222222222222223,0.3888888888888889,data/deam/DEAM_spectrograms/1718.npy,electronic,3
1719,5.0,1.61,3.3,1.49,0.5555555555555556,0.36666666666666664,data/deam/DEAM_spectrograms/1719.npy,electronic,3
1721,4.2,1.25,2.9,1.14,0.4666666666666667,0.3222222222222222,data/deam/DEAM_spectrograms/1721.npy,electronic,3
1723,4.3,1.27,3.4,1.28,0.47777777777777775,0.37777777777777777,data/deam/DEAM_spectrograms/1723.npy,electronic,3
1726,4.6,1.28,3.2,1.17,0.5111111111111111,0.35555555555555557,data/deam/DEAM_spectrograms/1726.npy,electronic,3
1729,5.1,1.97,5.4,1.56,0.5666666666666667,0.6000000000000001,data/deam/DEAM_spectrograms/1729.npy,electronic,3
1730,5.3,0.9,3.9,1.51,0.5888888888888889,0.43333333333333335,data/deam/DEAM_spectrograms/1730.npy,electronic,3
1731,4.2,1.08,3.6,1.5,0.4666666666666667,0.4,data/deam/DEAM_spectrograms/1731.npy,electronic,3
1734,5.1,1.58,5.2,1.72,0.5666666666666667,0.5777777777777778,data/deam/DEAM_spectrograms/1734.npy,electronic,3
1735,4.7,1.49,3.0,1.18,0.5222222222222223,0.3333333333333333,data/deam/DEAM_spectrograms/1735.npy,electronic,3
1736,4.7,1.49,3.1,0.94,0.5222222222222223,0.34444444444444444,data/deam/DEAM_spectrograms/1736.npy,electronic,3
1740,5.3,1.49,4.3,1.55,0.5888888888888889,0.47777777777777775,data/deam/DEAM_spectrograms/1740.npy,electronic,3
1741,3.3,1.49,3.5,1.36,0.36666666666666664,0.3888888888888889,data/deam/DEAM_spectrograms/1741.npy,electronic,3
1747,4.3,1.35,2.9,1.14,0.47777777777777775,0.3222222222222222,data/deam/DEAM_spectrograms/1747.npy,electronic,3
1750,4.7,1.35,5.3,1.49,0.5222222222222223,0.5888888888888889,data/deam/DEAM_spectrograms/1750.npy,electronic,3
1752,5.5,2.25,6.1,1.81,0.6111111111111112,0.6777777777777777,data/deam/DEAM_spectrograms/1752.npy,electronic,3
1754,4.2,1.54,2.4,1.02,0.4666666666666667,0.26666666666666666,data/deam/DEAM_spectrograms/1754.npy,electronic,3
1755,6.4,1.62,5.7,1.19,0.7111111111111111,0.6333333333333333,data/deam/DEAM_spectrograms/1755.npy,electronic,3
1760,4.3,1.68,4.1,1.64,0.47777777777777775,0.4555555555555555,data/deam/DEAM_spectrograms/1760.npy,electronic,3
1763,4.4,1.11,3.5,1.02,0.48888888888888893,0.3888888888888889,data/deam/DEAM_spectrograms/1763.npy,electronic,3
1766,3.7,1.19,3.0,1.1,0.41111111111111115,0.3333333333333333,data/deam/DEAM_spectrograms/1766.npy,electronic,3
1767,3.8,1.78,2.4,1.36,0.4222222222222222,0.26666666666666666,data/deam/DEAM_spectrograms/1767.npy,electronic,3
1768,4.1,1.64,3.1,1.37,0.4555555555555555,0.34444444444444444,data/deam/DEAM_spectrograms/1768.npy,electronic,3
1780,4.8,1.33,3.5,1.2,0.5333333333333333,0.3888888888888889,data/deam/DEAM_spectrograms/1780.npy,electronic,3
1782,4.7,1.68,5.2,1.89,0.5222222222222223,0.5777777777777778,data/deam/DEAM_spectrograms/1782.npy,electronic,3
1783,4.2,1.47,3.3,1.1,0.4666666666666667,0.36666666666666664,data/deam/DEAM_spectrograms/1783.npy,electronic,3
1789,5.9,1.04,5.1,0.94,0.6555555555555556,0.5666666666666667,data/deam/DEAM_spectrograms/1789.npy,electronic,3
1793,5.1,0.83,4.2,0.87,0.5666666666666667,0.4666666666666667,data/deam/DEAM_spectrograms/1793.npy,electronic,3
1794,4.2,0.98,3.7,1.1,0.4666666666666667,0.41111111111111115,data/deam/DEAM_spectrograms/1794.npy,electronic,3
1797,3.6,1.11,4.1,1.81,0.4,0.4555555555555555,data/deam/DEAM_spectrograms/1797.npy,electronic,3
1799,5.8,0.87,4.5,1.28,0.6444444444444444,0.5,data/deam/DEAM_spectrograms/1799.npy,electronic,3
1815,6.4,1.02,5.8,1.54,0.7111111111111111,0.6444444444444444,data/deam/DEAM_spectrograms/1815.npy,electronic,3
1816,5.0,1.73,4.5,2.11,0.5555555555555556,0.5,data/deam/DEAM_spectrograms/1816.npy,electronic,3
1824,6.2,0.75,5.7,1.0,0.6888888888888889,0.6333333333333333,data/deam/DEAM_spectrograms/1824.npy,electronic,3
1825,4.8,1.47,4.5,1.36,0.5333333333333333,0.5,data/deam/DEAM_spectrograms/1825.npy,electronic,3
1827,5.6,1.69,6.7,1.49,0.6222222222222222,0.7444444444444445,data/deam/DEAM_spectrograms/1827.npy,electronic,3
1830,5.7,1.0,5.3,1.27,0.6333333333333333,0.5888888888888889,data/deam/DEAM_spectrograms/1830.npy,electronic,3
1831,6.2,0.98,5.6,1.5,0.6888888888888889,0.6222222222222222,data/deam/DEAM_spectrograms/1831.npy,electronic,3
1836,5.6,1.69,4.6,1.11,0.6222222222222222,0.5111111111111111,data/deam/DEAM_spectrograms/1836.npy,electronic,3
1840,4.8,1.89,5.4,1.91,0.5333333333333333,0.6000000000000001,data/deam/DEAM_spectrograms/1840.npy,electronic,3
1841,4.6,1.8,3.1,1.58,0.5111111111111111,0.34444444444444444,data/deam/DEAM_spectrograms/1841.npy,electronic,3
1842,5.8,1.72,6.3,1.35,0.6444444444444444,0.7,data/deam/DEAM_spectrograms/1842.npy,electronic,3
1843,4.9,1.37,4.7,1.27,0.5444444444444445,0.5222222222222223,data/deam/DEAM_spectrograms/1843.npy,electronic,3
1846,5.8,1.6,5.8,1.6,0.6444444444444444,0.6444444444444444,data/deam/DEAM_spectrograms/1846.npy,electronic,3
1850,3.7,1.55,2.7,1.27,0.41111111111111115,0.30000000000000004,data/deam/DEAM_spectrograms/1850.npy,electronic,3
1852,4.1,1.51,4.7,2.1,0.4555555555555555,0.5222222222222223,data/deam/DEAM_spectrograms/1852.npy,electronic,3
1856,6.1,1.76,6.7,1.85,0.6777777777777777,0.7444444444444445,data/deam/DEAM_spectrograms/1856.npy,electronic,3
1871,6.4,1.11,6.6,1.36,0.7111111111111111,0.7333333333333333,data/deam/DEAM_spectrograms/1871.npy,electronic,3
1872,4.5,1.36,4.2,1.4,0.5,0.4666666666666667,data/deam/DEAM_spectrograms/1872.npy,electronic,3
1873,4.7,1.62,3.4,1.43,0.5222222222222223,0.37777777777777777,data/deam/DEAM_spectrograms/1873.npy,electronic,3
1874,5.0,1.67,6.3,1.49,0.5555555555555556,0.7,data/deam/DEAM_spectrograms/1874.npy,electronic,3
1877,6.2,1.66,5.5,1.5,0.6888888888888889,0.6111111111111112,data/deam/DEAM_spectrograms/1877.npy,electronic,3
1879,5.4,2.24,6.4,2.2,0.6000000000000001,0.7111111111111111,data/deam/DEAM_spectrograms/1879.npy,electronic,3
1883,5.6,0.8,4.5,1.12,0.6222222222222222,0.5,data/deam/DEAM_spectrograms/1883.npy,electronic,3
1884,6.5,0.81,5.6,1.36,0.7222222222222222,0.6222222222222222,data/deam/DEAM_spectrograms/1884.npy,electronic,3
1888,3.4,1.5,3.2,1.78,0.37777777777777777,0.35555555555555557,data/deam/DEAM_spectrograms/1888.npy,electronic,3
1891,5.0,1.18,3.5,1.2,0.5555555555555556,0.3888888888888889,data/deam/DEAM_spectrograms/1891.npy,electronic,3
1892,5.1,2.07,6.1,1.04,0.5666666666666667,0.6777777777777777,data/deam/DEAM_spectrograms/1892.npy,electronic,3
1896,4.9,2.02,2.1,0.94,0.5444444444444445,0.23333333333333334,data/deam/DEAM_spectrograms/1896.npy,electronic,3
